,batting.teamIDfg,batting.Season,batting.Team,batting.Age,batting.AB,batting.PA,batting.H,batting.1B,batting.2B,batting.3B,batting.HR,batting.R,batting.RBI,batting.BB,batting.IBB,batting.SO,batting.HBP,batting.SF,batting.SH,batting.GDP,batting.SB,batting.CS,pitching.teamIDfg,pitching.Season,pitching.Age,pitching.G,pitching.CG,pitching.ShO,pitching.SV,pitching.IP,pitching.TBF,pitching.H,pitching.R,pitching.ER,pitching.HR,pitching.BB,pitching.IBB,pitching.HBP,pitching.WP,pitching.BK,pitching.SO,next_season_teamID,next_season_wins
0,9,2009,NYY,29,5660,6449,1604,1014,325,21,244,915,881,663,35,1014,54,39,31,144,111,28,9,2009,28,623,3,1,51,1450.0,6247,1386,753,689,181,574,28,71,66,5,1260,NYY,95
1,5,2000,CLE,29,5683,6512,1639,1078,310,30,221,950,889,685,27,1057,51,52,41,134,113,34,5,2000,29,624,6,2,34,1442.1,6380,1511,816,775,173,666,45,42,50,3,1213,CLE,91
2,3,2003,BOS,30,5769,6530,1667,1018,371,40,238,961,932,620,61,943,53,64,24,126,88,35,3,2003,30,599,5,0,36,1464.2,6355,1503,809,731,153,488,41,76,44,0,1141,BOS,98
3,9,2007,NYY,29,5717,6528,1656,1097,326,32,201,968,929,637,32,991,78,54,41,138,123,40,9,2007,29,684,1,0,34,1450.2,6308,1498,777,725,150,578,33,60,59,6,1009,NYY,89
4,21,2000,HOU,29,5570,6444,1547,973,289,36,249,938,900,673,57,1129,83,61,57,154,114,52,21,2000,29,572,8,1,30,1437.2,6455,1596,944,865,234,598,25,60,55,3,1064,HOU,93
5,30,2000,SFG,29,5519,6418,1535,961,304,44,226,925,889,709,60,1032,51,66,73,131,79,39,30,2000,29,546,9,4,47,1444.1,6270,1452,747,676,151,623,26,41,43,4,1076,SFG,90
6,3,2004,BOS,31,5720,6515,1613,993,373,25,222,949,912,659,39,1189,69,55,12,123,68,30,3,2004,31,599,4,1,36,1451.1,6222,1430,768,676,159,447,28,92,39,1,1132,BOS,95
7,4,2000,CHW,27,5646,6410,1615,1041,325,33,216,978,926,591,28,960,53,61,55,140,119,42,4,2000,26,628,5,2,43,1450.1,6337,1509,839,752,195,614,27,54,43,8,1037,CHW,83
8,19,2001,COL,28,5690,6394,1663,1065,324,61,213,923,874,511,50,1027,61,50,81,116,132,54,19,2001,28,636,8,4,26,1430.0,6306,1522,906,841,239,598,71,64,38,1,1058,COL,73
9,10,2000,OAK,28,5560,6432,1501,958,281,23,239,947,908,750,32,1159,52,44,26,147,40,15,10,2000,30,542,7,4,43,1435.1,6355,1535,813,730,158,615,57,48,45,1,963,OAK,102
10,1,2000,ANA,28,5628,6373,1574,995,309,34,236,864,837,608,43,1024,47,43,47,126,93,52,1,2000,28,603,5,2,46,1448.0,6401,1534,869,807,228,662,44,36,47,10,846,ANA,75
11,9,2006,NYY,31,5651,6455,1608,1050,327,21,210,930,902,649,43,1053,72,49,34,139,139,35,9,2006,30,651,5,1,43,1443.2,6215,1463,767,710,170,496,41,59,46,7,1019,NYY,94
14,13,2008,TEX,27,5728,6478,1619,1014,376,35,194,901,867,595,43,1207,63,54,37,117,81,25,13,2008,27,619,6,2,36,1442.0,6506,1647,967,860,176,625,44,72,62,9,963,TEX,87
15,16,2003,ATL,30,5670,6378,1608,1021,321,31,235,907,872,545,46,933,49,49,65,124,68,22,16,2003,30,651,4,1,51,1456.1,6247,1425,740,663,147,555,69,42,53,4,992,ATL,96
16,28,2000,STL,30,5478,6369,1481,962,259,25,235,887,841,675,33,1253,84,53,79,117,87,51,28,2000,29,548,10,4,37,1433.2,6200,1403,771,701,196,606,28,62,49,9,1100,STL,92
17,19,2000,COL,29,5660,6453,1664,1130,320,53,161,968,905,601,64,907,42,75,75,126,131,61,19,2000,29,641,7,1,33,1430.0,6340,1568,897,840,221,588,72,72,40,5,1001,COL,73
18,3,2005,BOS,31,5626,6403,1579,1020,339,21,199,910,863,653,34,1044,47,63,14,135,45,12,3,2005,31,604,6,0,38,1429.0,6227,1550,805,753,164,440,28,89,56,4,959,BOS,86
19,3,2007,BOS,30,5589,6426,1561,1008,352,35,166,867,829,689,54,1042,64,54,30,146,96,24,3,2007,30,613,5,3,45,1438.2,6071,1350,657,618,151,482,20,62,33,0,1149,BOS,95
20,9,2002,NYY,30,5601,6377,1540,991,314,12,223,897,857,640,48,1171,72,41,23,150,100,38,9,2002,30,495,9,5,53,1452.0,6159,1441,697,627,144,403,44,48,59,2,1135,NYY,101
21,11,2000,SEA,30,5497,6444,1481,957,300,26,198,907,869,775,34,1073,48,61,63,129,122,56,11,2000,28,545,4,4,44,1441.2,6269,1442,780,726,167,634,37,38,43,6,998,SEA,116
22,3,2011,BOS,30,5710,6414,1600,1010,352,35,203,875,842,578,52,1108,50,50,22,136,102,42,3,2011,30,606,2,1,36,1457.1,6242,1366,737,680,156,540,11,90,58,7,1213,BOS,69
23,3,2008,BOS,29,5596,6402,1565,1006,353,33,173,845,807,646,49,1068,70,62,28,148,120,35,3,2008,29,628,5,2,47,1446.1,6180,1369,694,645,147,548,17,68,43,2,1185,BOS,95
24,9,2003,NYY,31,5605,6431,1518,970,304,14,230,877,845,684,54,1042,81,35,25,154,98,33,9,2003,31,530,8,3,49,1462.0,6209,1512,716,655,145,375,36,49,33,0,1119,NYY,101
25,3,2009,BOS,29,5543,6344,1495,923,335,25,212,872,822,659,39,1120,70,51,19,137,126,39,3,2009,29,625,8,2,41,1436.2,6283,1494,736,695,167,530,24,68,42,5,1230,BOS,88
26,26,2007,PHI,29,5688,6537,1558,978,326,41,213,892,850,641,74,1205,90,52,65,125,138,19,26,2007,29,660,5,2,42,1458.1,6385,1555,821,772,198,558,62,72,46,3,1050,PHI,92
27,9,2004,NYY,31,5527,6364,1483,940,281,20,242,897,863,670,40,982,80,50,37,157,84,33,9,2004,30,598,1,0,59,1443.2,6240,1532,808,752,182,445,32,60,57,4,1058,NYY,95
28,9,2000,NYY,32,5556,6311,1541,1017,294,25,205,871,833,631,42,1007,57,50,16,134,99,48,9,2000,29,543,9,2,40,1424.1,6256,1458,814,753,177,577,23,52,49,6,1040,NYY,95
29,9,2005,NYY,32,5624,6406,1552,1048,259,16,229,886,847,637,41,989,73,43,28,125,84,27,9,2005,32,580,8,4,46,1430.2,6182,1495,789,721,164,463,25,84,37,6,985,NYY,97
31,14,2000,TOR,28,5677,6326,1562,969,328,21,244,861,826,526,32,1026,60,34,29,130,89,34,14,2000,27,550,15,3,37,1437.1,6377,1615,908,826,195,560,19,64,37,3,978,TOR,80
32,13,2001,TEX,30,5685,6388,1566,971,326,23,246,890,844,548,27,1093,75,55,25,131,97,32,13,2001,28,572,4,1,37,1438.1,6469,1670,968,913,222,596,33,63,70,9,951,TEX,72
33,21,2017,HOU,28,5611,6271,1581,977,346,20,238,896,854,509,27,1087,70,61,11,139,98,42,21,2017,28,681,1,0,45,1446.0,6111,1314,700,662,192,522,17,70,86,4,1593,HOU,103
34,14,2006,TOR,28,5596,6241,1591,1017,348,27,199,809,778,514,31,906,63,52,16,166,65,33,14,2006,27,644,6,1,42,1428.1,6151,1447,754,694,185,504,56,59,53,13,1076,TOR,83
35,17,2008,CHC,29,5588,6384,1552,1018,329,21,184,855,811,636,48,1186,50,45,65,134,87,34,17,2008,28,639,2,1,44,1450.2,6194,1329,671,624,160,548,45,65,48,7,1264,CHC,83
36,13,2011,TEX,29,5659,6261,1599,1047,310,32,210,855,807,475,35,930,39,49,39,135,143,45,13,2011,29,579,10,7,38,1441.1,6021,1327,677,607,170,461,21,46,43,6,1179,TEX,93
37,14,2003,TOR,29,5661,6364,1580,1000,357,33,190,894,853,546,40,1081,90,56,11,146,37,25,14,2003,29,605,14,4,35,1435.0,6270,1560,826,748,184,485,46,57,56,2,984,TOR,67
38,11,2001,SEA,31,5680,6474,1637,1120,310,38,169,927,881,614,54,989,62,70,48,112,174,42,11,2001,29,553,8,4,56,1465.0,6096,1293,627,576,160,465,28,64,40,1,1051,SEA,93
39,5,2001,CLE,29,5600,6357,1559,1016,294,37,212,897,868,577,32,1076,69,62,49,126,79,41,5,2001,28,645,3,0,42,1446.2,6312,1512,821,747,148,573,44,49,58,11,1218,CLE,74
40,13,2000,TEX,29,5648,6364,1601,1063,330,35,173,848,806,580,39,922,39,48,48,161,69,47,13,2000,28,577,3,0,39,1429.0,6559,1683,974,876,202,661,40,63,40,6,918,TEX,73
42,6,2007,DET,29,5757,6364,1652,1073,352,50,177,887,857,474,45,1054,56,45,31,128,103,30,6,2007,28,605,1,1,44,1447.1,6345,1498,797,737,174,566,41,68,75,8,1047,DET,74
44,3,2013,BOS,29,5651,6382,1566,996,363,29,178,853,819,581,51,1308,72,50,24,137,123,19,3,2013,28,612,5,2,33,1454.0,6143,1366,656,613,156,524,10,47,47,5,1294,BOS,71
45,5,2006,CLE,28,5619,6303,1576,1002,351,27,196,870,839,556,42,1204,54,43,30,127,55,23,5,2006,28,539,13,6,24,1423.1,6190,1583,782,701,166,429,35,51,46,2,948,CLE,96
46,3,2016,BOS,28,5670,6320,1598,1022,343,25,208,878,836,558,34,1160,43,40,8,137,83,24,3,2016,28,625,9,1,43,1439.2,6073,1341,694,640,176,490,16,65,52,0,1362,BOS,93
48,28,2003,STL,30,5672,6466,1580,1010,342,32,196,876,827,580,68,952,73,54,87,136,82,32,28,2003,31,622,9,3,41,1463.2,6375,1544,796,751,210,508,36,65,53,1,969,STL,105
49,9,2010,NYY,29,5567,6379,1485,977,275,32,201,859,823,662,36,1136,73,44,33,124,103,30,9,2010,29,592,3,0,39,1442.1,6102,1349,693,650,179,540,37,62,69,6,1154,NYY,97
50,1,2009,LAA,28,5622,6305,1604,1105,293,33,173,883,841,547,32,1054,41,52,43,128,148,63,1,2009,27,596,9,6,51,1445.0,6252,1513,761,715,180,523,35,58,67,2,1062,LAA,80
51,19,2007,COL,28,5691,6498,1591,1071,313,36,171,860,823,622,51,1152,58,44,83,140,100,31,19,2007,28,692,4,1,39,1472.0,6293,1497,758,706,164,504,61,59,35,8,967,COL,74
52,4,2006,CHW,29,5657,6318,1586,1039,291,20,236,868,839,502,33,1056,58,57,44,118,93,48,4,2006,27,560,5,2,46,1449.0,6232,1534,794,743,200,433,59,58,51,1,1012,CHW,72
53,3,2010,BOS,29,5646,6356,1511,920,358,22,211,818,782,587,43,1140,47,46,29,131,68,17,3,2010,30,605,3,1,44,1456.2,6267,1402,744,678,152,580,30,53,58,3,1207,BOS,90
54,5,2004,CLE,28,5676,6452,1565,1007,345,29,184,858,820,606,41,1009,78,42,47,143,94,55,5,2004,27,641,8,3,32,1466.2,6450,1553,857,785,201,579,47,62,43,6,1115,CLE,93
55,9,2011,NYY,29,5518,6306,1452,930,267,33,222,867,836,627,34,1138,74,51,36,146,147,46,9,2011,29,627,5,3,47,1458.1,6216,1423,657,605,152,507,43,58,67,3,1222,NYY,95
56,19,2004,COL,29,5577,6333,1531,964,331,34,202,833,795,568,51,1181,54,37,97,132,44,33,19,2004,29,635,3,0,36,1435.1,6535,1634,923,883,198,697,84,71,66,6,947,COL,67
57,14,2015,TOR,29,5509,6231,1480,923,308,17,232,891,852,570,12,1151,54,62,36,140,88,23,14,2015,28,631,7,2,34,1441.0,5984,1353,670,610,173,397,20,59,62,4,1117,TOR,89
58,28,2004,STL,30,5555,6297,1544,987,319,24,214,855,817,548,64,1085,51,70,73,121,111,47,28,2004,29,631,4,2,57,1453.2,6104,1378,659,605,169,440,24,67,42,4,1041,STL,100
59,13,2005,TEX,29,5716,6301,1528,928,311,29,260,865,834,495,20,1112,48,32,9,123,67,15,13,2005,28,616,2,1,46,1440.0,6371,1589,858,795,159,522,31,60,44,4,932,TEX,80
60,13,2002,TEX,29,5618,6332,1510,949,304,27,230,843,806,554,45,1055,62,50,48,129,62,34,13,2002,28,649,4,2,33,1439.2,6446,1528,882,826,194,669,32,76,84,11,1030,TEX,71
61,21,2001,HOU,29,5528,6325,1500,950,313,29,208,847,805,581,52,1119,89,56,71,128,64,49,21,2001,28,567,7,1,48,1454.2,6236,1453,769,709,221,486,22,70,42,3,1228,HOU,84
62,3,2002,BOS,30,5640,6332,1560,1002,348,33,177,859,810,545,39,944,72,53,22,139,80,28,3,2002,30,500,5,3,51,1446.0,6049,1339,665,603,146,430,29,84,31,6,1157,BOS,95
63,6,2008,DET,29,5641,6331,1529,995,293,41,200,821,780,572,23,1076,44,44,30,144,63,31,6,2008,28,602,1,0,34,1445.0,6411,1541,857,788,172,644,63,68,65,7,991,DET,86
64,4,2002,CHW,27,5502,6208,1475,940,289,29,217,856,819,555,17,952,49,53,48,111,75,31,4,2002,26,585,7,4,35,1423.0,6131,1422,798,723,190,528,31,60,54,6,945,CHW,86
65,28,2008,STL,29,5636,6370,1585,1102,283,26,174,779,744,577,63,985,42,44,71,150,73,32,28,2008,28,668,2,1,42,1454.0,6264,1517,725,679,163,496,21,51,50,2,957,STL,91
66,19,2003,COL,29,5518,6283,1472,913,330,31,198,853,814,619,46,1134,52,38,55,140,63,37,19,2003,28,662,3,0,34,1420.0,6364,1629,892,826,200,552,51,84,48,8,866,COL,68
67,12,2009,TBR,30,5462,6223,1434,902,297,36,199,803,765,642,36,1229,49,45,25,104,194,61,12,2009,30,672,3,3,41,1427.1,6146,1421,754,691,183,515,22,46,46,5,1125,TBR,96
68,9,2012,NYY,31,5524,6231,1462,924,280,13,245,804,774,565,31,1176,62,49,31,136,93,27,9,2012,31,647,6,2,51,1445.1,6085,1401,668,619,190,431,32,49,53,9,1318,NYY,85
69,26,2006,PHI,30,5687,6509,1518,967,294,41,216,865,823,626,67,1203,95,44,57,115,92,25,26,2006,30,662,4,2,42,1460.1,6366,1561,812,748,211,512,63,62,58,4,1138,PHI,89
70,18,2000,CIN,28,5635,6373,1545,1007,302,36,200,825,794,559,60,995,64,58,56,137,100,38,18,2000,28,550,8,1,42,1456.1,6362,1446,765,700,190,659,53,43,96,5,1015,CIN,65
71,19,2009,COL,29,5398,6241,1408,868,300,50,190,804,760,660,40,1277,47,60,76,112,106,55,19,2009,30,646,5,2,45,1438.1,6171,1427,715,677,141,528,51,46,48,5,1154,COL,83
72,30,2001,SFG,30,5612,6408,1493,914,304,40,235,799,775,625,79,1090,50,54,67,108,57,42,30,2001,29,601,3,1,47,1463.1,6294,1437,748,682,145,579,49,33,50,3,1080,SFG,95
73,6,2013,DET,28,5735,6388,1625,1134,292,23,176,796,767,531,40,1073,43,47,32,147,35,20,6,2013,28,590,3,1,39,1462.2,6119,1369,624,587,128,462,29,42,63,7,1428,DET,90
75,6,2000,DET,28,5644,6343,1553,1028,307,41,177,823,785,562,22,982,43,49,42,142,83,38,6,2000,28,591,6,1,44,1443.1,6295,1583,827,759,177,496,22,47,51,5,978,DET,66
77,26,2004,PHI,29,5643,6456,1505,964,303,23,215,840,802,645,60,1133,58,46,64,123,100,27,26,2004,29,638,4,4,43,1462.2,6308,1488,781,726,214,502,60,66,40,3,1070,PHI,88
78,18,2005,CIN,28,5565,6321,1453,881,335,15,222,820,784,611,42,1303,62,39,43,116,72,23,18,2005,28,654,2,0,31,1433.0,6397,1657,889,824,219,492,47,80,53,3,955,CIN,80
79,3,2006,BOS,30,5619,6435,1510,975,327,16,192,820,777,672,56,1056,66,56,22,136,51,23,3,2006,30,616,3,1,46,1441.1,6292,1570,825,773,181,509,25,68,52,3,1070,BOS,96
80,4,2004,CHW,29,5534,6197,1481,936,284,19,242,865,823,499,25,1030,63,42,58,119,78,51,4,2004,27,561,8,2,34,1432.1,6189,1505,831,782,224,527,36,48,43,3,1013,CHW,99
81,20,2007,FLA,27,5627,6344,1504,925,340,38,201,790,749,521,46,1332,82,42,72,107,105,34,20,2007,26,722,0,0,40,1443.2,6544,1617,891,795,176,661,60,76,67,9,1142,FLA,84
82,5,2005,CLE,28,5609,6255,1522,948,337,30,207,790,760,503,33,1093,54,50,39,128,62,36,5,2005,29,571,6,0,51,1452.2,6048,1363,642,582,157,413,20,41,26,4,1050,CLE,78
83,18,2010,CIN,29,5579,6285,1515,1004,293,30,188,790,761,522,34,1218,68,50,66,113,93,43,18,2010,28,664,4,2,43,1453.0,6182,1404,685,649,158,524,32,50,48,6,1130,CIN,79
84,3,2018,BOS,29,5623,6302,1509,915,355,31,208,876,829,569,38,1253,55,48,7,130,125,31,3,2018,28,697,2,0,46,1458.2,6166,1305,647,608,176,512,8,84,51,3,1558,BOS,84
85,30,2004,SFG,29,5546,6466,1500,970,314,33,183,850,805,705,153,874,72,51,92,142,43,23,30,2004,28,683,8,5,46,1457.0,6321,1481,770,703,161,548,35,47,52,2,1020,SFG,75
86,4,2008,CHW,29,5553,6231,1458,914,296,13,235,811,785,540,33,1016,63,47,28,158,67,34,4,2008,28,626,4,0,34,1457.2,6218,1471,729,665,156,460,42,48,54,3,1147,CHW,79
87,25,2000,NYM,30,5486,6328,1445,946,281,20,198,807,761,675,42,1037,45,51,70,122,66,46,25,2000,29,573,8,2,49,1450.0,6276,1398,738,671,164,574,42,60,34,7,1164,NYM,82
88,16,2000,ATL,30,5489,6275,1490,1011,274,26,179,810,758,595,38,1010,59,45,87,127,148,56,16,2000,30,538,13,6,53,1440.1,6165,1428,714,649,165,484,52,37,23,6,1093,ATL,88
89,16,2006,ATL,28,5583,6284,1510,950,312,26,222,849,818,526,48,1169,52,44,78,132,52,35,16,2006,28,684,6,2,38,1441.1,6350,1529,805,736,183,572,69,55,39,2,1049,ATL,84
90,26,2009,PHI,31,5578,6338,1439,868,312,35,224,820,788,589,47,1155,71,45,55,90,119,28,26,2009,30,621,8,5,44,1455.2,6263,1479,709,673,189,489,31,75,28,2,1153,PHI,97
91,19,2016,COL,27,5614,6236,1544,975,318,47,204,845,805,494,35,1330,40,34,54,113,66,39,19,2016,27,695,2,2,37,1429.1,6289,1532,860,781,181,547,38,70,72,5,1223,COL,87
92,6,2004,DET,27,5623,6285,1531,992,284,54,201,827,800,518,32,1144,50,43,50,110,86,50,6,2004,27,594,7,4,35,1439.2,6296,1542,844,788,190,530,33,54,71,6,995,DET,71
93,7,2000,KCR,27,5709,6394,1644,1186,281,27,150,879,831,511,28,840,48,70,56,139,121,35,7,2000,26,491,10,3,29,1439.1,6443,1585,930,877,239,693,35,42,77,5,927,KCR,65
95,30,2002,SFG,30,5497,6298,1465,932,300,35,198,783,751,616,103,961,65,52,68,136,74,21,30,2002,29,579,10,5,43,1437.1,6056,1349,616,567,116,523,44,36,36,2,992,SFG,100
97,8,2009,MIN,28,5608,6346,1539,1056,271,40,172,817,770,585,46,1021,45,57,51,147,85,32,8,2009,28,643,4,1,48,1453.0,6274,1542,765,726,185,466,20,58,43,3,1052,MIN,94
98,13,2003,TEX,28,5664,6293,1506,957,274,36,239,826,799,488,31,1052,75,42,24,115,65,25,13,2003,28,656,4,2,43,1433.1,6413,1625,969,906,208,603,45,63,51,8,1009,TEX,89
99,10,2001,OAK,28,5573,6385,1469,914,334,22,199,884,835,640,57,1021,88,59,25,131,68,29,10,2001,29,578,13,6,44,1463.1,6115,1384,645,583,153,440,49,46,42,3,1117,OAK,103
100,2,2000,BAL,30,5549,6238,1508,992,310,22,184,794,750,558,34,900,49,54,27,148,126,65,2,2000,28,558,14,2,33,1433.1,6433,1547,913,855,202,665,32,36,51,1,1017,BAL,63
101,9,2008,NYY,29,5572,6257,1512,1023,289,20,180,789,758,535,36,1015,80,39,31,150,118,39,9,2008,28,637,1,0,42,1441.2,6175,1478,727,686,143,489,37,51,55,5,1141,NYY,103
102,23,2007,MIL,29,5554,6238,1455,877,310,37,231,801,774,501,60,1137,76,47,60,112,96,32,23,2007,28,654,3,0,49,1444.1,6285,1513,776,713,161,507,37,52,57,2,1174,MIL,89
103,13,2006,TEX,28,5659,6273,1571,1008,357,23,183,835,799,505,35,1061,40,50,18,148,53,24,13,2006,28,651,3,1,42,1431.1,6237,1558,784,733,162,496,18,66,34,4,972,TEX,75
104,19,2014,COL,27,5612,6164,1551,1017,307,41,186,755,721,397,39,1281,48,48,59,121,85,48,19,2014,28,709,1,1,24,1431.0,6248,1528,818,772,173,531,32,54,72,8,1074,COL,68
105,14,2009,TOR,29,5696,6362,1516,955,339,13,209,798,766,548,23,1028,45,49,24,130,73,23,14,2009,28,607,10,4,25,1451.0,6281,1509,771,720,181,551,26,58,43,4,1181,TOR,85
106,22,2006,LAD,29,5628,6394,1552,1034,307,58,153,820,787,601,61,959,51,48,66,140,128,49,22,2006,30,616,1,0,40,1460.1,6289,1524,751,686,152,492,40,41,54,8,1068,LAD,82
107,6,2011,DET,27,5563,6231,1540,1040,297,34,169,787,750,521,47,1143,39,58,50,142,49,20,6,2011,26,583,4,2,52,1440.0,6108,1406,711,647,149,492,34,52,69,5,1115,DET,88
108,16,2007,ATL,28,5689,6374,1562,1031,328,27,176,810,781,534,43,1149,49,47,55,137,64,30,16,2007,28,690,1,1,36,1456.1,6263,1442,733,665,172,537,89,42,48,5,1106,ATL,72
109,4,2001,CHW,28,5464,6151,1463,920,300,29,214,798,770,520,31,998,52,51,63,128,123,59,4,2001,26,568,8,3,51,1433.1,6200,1465,795,725,181,500,38,88,57,5,921,CHW,81
110,10,2004,OAK,29,5728,6459,1545,1005,336,15,189,793,752,608,40,1061,55,43,25,142,47,22,10,2004,28,576,10,3,35,1471.1,6313,1466,742,682,164,544,49,68,39,5,1034,OAK,88
111,2,2004,BAL,29,5736,6431,1614,1108,319,18,169,842,803,528,34,949,57,62,46,126,101,41,2,2004,27,614,8,4,27,1455.1,6459,1488,830,761,159,687,43,62,68,9,1090,BAL,74
113,10,2002,OAK,29,5558,6291,1450,938,279,28,205,800,772,609,37,1008,68,36,20,128,46,20,10,2002,28,570,9,5,48,1452.0,6158,1391,654,595,135,474,45,62,40,9,1021,OAK,95
114,22,2000,LAD,30,5481,6312,1408,904,265,28,211,798,756,668,42,1083,51,46,66,129,95,42,22,2000,29,533,9,3,36,1445.0,6249,1379,729,659,176,600,22,75,60,6,1154,LAD,86
115,13,2004,TEX,29,5615,6256,1492,908,323,34,227,860,825,500,41,1099,61,57,23,91,69,36,13,2004,28,630,5,2,52,1439.2,6345,1536,794,727,182,547,29,81,34,11,979,TEX,79
116,25,2007,NYM,31,5605,6344,1543,1045,294,27,177,804,761,549,64,981,54,58,77,114,200,46,25,2007,29,661,2,2,39,1452.1,6293,1415,750,689,165,570,40,61,36,3,1134,NYM,89
117,5,2007,CLE,28,5604,6367,1504,994,305,27,178,811,784,590,56,1202,80,59,32,114,72,41,5,2007,29,557,9,4,49,1462.2,6206,1519,704,659,146,410,42,56,42,2,1047,CLE,81
119,4,2003,CHW,28,5487,6148,1445,903,303,19,220,791,766,519,27,916,58,41,43,132,77,29,4,2003,28,523,12,0,36,1431.0,6067,1364,715,663,162,518,30,53,39,4,1056,CHW,83
120,17,2004,CHC,29,5628,6281,1508,936,308,29,235,789,755,489,46,1080,38,48,78,120,66,28,17,2004,28,622,3,2,42,1465.1,6262,1363,665,623,169,545,33,76,50,9,1346,CHC,79
121,16,2004,ATL,29,5570,6339,1503,984,304,37,178,803,767,587,51,1158,59,48,75,123,86,32,16,2004,28,645,4,1,48,1450.0,6218,1475,668,604,154,523,50,27,36,6,1025,ATL,90
122,5,2017,CLE,28,5511,6234,1449,875,333,29,212,818,780,604,30,1153,50,45,23,125,88,23,5,2017,29,659,7,3,37,1440.2,5866,1267,564,529,163,406,15,45,48,1,1614,CLE,91
123,1,2002,ANA,29,5678,6327,1603,1086,333,32,152,851,811,462,42,805,74,64,49,105,117,51,1,2002,29,562,7,2,54,1452.1,6097,1345,644,595,169,509,24,49,52,7,999,ANA,77
124,21,2004,HOU,30,5468,6269,1458,941,294,36,187,803,756,590,54,999,61,52,98,128,89,30,21,2004,29,655,2,2,47,1443.0,6201,1416,698,650,174,525,61,68,45,3,1282,HOU,89
125,23,2009,MIL,29,5510,6296,1447,947,281,37,182,785,757,610,44,1231,71,47,58,129,68,37,23,2009,29,674,1,0,44,1435.0,6352,1498,818,772,207,607,60,65,61,1,1104,MIL,77
126,13,2012,TEX,28,5590,6216,1526,991,303,32,200,808,780,478,44,1103,57,53,36,121,91,44,13,2012,28,590,7,2,43,1442.0,6067,1378,707,644,175,446,15,41,53,8,1286,TEX,91
128,15,2001,ARI,29,5595,6349,1494,967,284,35,208,818,776,587,73,1052,57,36,71,105,71,38,15,2001,31,583,12,5,34,1459.2,6090,1352,677,629,195,461,30,59,45,6,1297,ARI,98
129,9,2017,NYY,27,5594,6354,1463,933,266,23,241,858,821,616,22,1386,64,56,18,119,90,22,9,2017,27,639,2,1,36,1448.2,6078,1248,660,603,192,504,18,53,83,4,1560,NYY,100
130,15,2002,ARI,31,5508,6318,1471,982,283,41,165,819,783,643,58,1016,50,53,62,130,92,46,15,2002,32,584,14,5,40,1446.2,6067,1361,674,631,170,421,30,54,48,11,1303,ARI,84
131,8,2003,MIN,28,5655,6324,1567,1049,318,45,155,801,755,512,36,1027,63,52,42,139,94,44,8,2003,30,561,7,3,45,1461.2,6246,1526,758,716,187,402,35,50,62,9,997,MIN,92
132,12,2007,TBD,27,5593,6280,1500,986,291,36,187,782,750,545,31,1324,53,52,34,119,131,48,12,2007,27,645,2,1,28,1429.2,6403,1649,944,879,199,568,31,63,55,2,1194,TBR,97
133,11,2002,SEA,30,5569,6362,1531,1063,285,31,152,814,771,629,62,1003,51,72,41,123,137,58,11,2002,29,505,8,3,43,1445.1,6117,1422,699,654,178,441,34,49,42,3,1063,SEA,93
134,9,2018,NYY,28,5515,6271,1374,815,269,23,267,851,821,625,21,1421,62,59,10,107,63,21,9,2018,28,670,2,2,49,1456.1,6141,1311,669,611,177,494,9,58,73,4,1634,NYY,103
135,26,2005,PHI,30,5542,6345,1494,1010,282,35,167,807,760,639,76,1083,56,46,62,107,116,27,26,2005,29,604,4,0,40,1435.0,6119,1379,726,672,189,487,51,72,36,9,1159,PHI,85
136,18,2007,CIN,29,5607,6332,1496,976,293,23,204,783,747,536,51,1113,66,46,73,140,97,31,18,2007,29,684,6,2,34,1449.2,6354,1605,853,798,198,482,47,73,54,5,1068,CIN,74
137,12,2008,TBR,28,5541,6312,1443,942,284,37,180,774,735,626,33,1224,68,52,23,111,142,50,12,2008,27,610,7,5,52,1457.2,6145,1349,671,618,166,526,29,46,52,3,1143,TBR,84
138,28,2001,STL,29,5450,6177,1469,964,274,32,199,814,768,529,51,1089,65,50,83,125,91,35,28,2001,29,646,8,4,38,1435.1,6121,1389,684,631,196,526,36,72,45,6,1083,STL,97
139,8,2010,MIN,28,5568,6257,1521,1020,318,41,142,781,749,559,45,967,39,53,38,159,68,28,8,2010,28,627,9,3,40,1452.2,6106,1493,671,638,155,383,19,47,41,4,1048,MIN,63
140,5,2008,CLE,28,5543,6299,1455,923,339,22,171,805,772,560,44,1213,103,49,43,123,77,29,5,2008,28,561,10,5,31,1437.0,6164,1530,761,712,170,444,28,51,44,5,986,CLE,65
141,28,2011,STL,29,5532,6242,1513,1021,308,22,162,762,726,542,64,978,44,40,84,169,57,39,28,2011,30,630,7,5,47,1462.0,6211,1461,692,615,136,448,44,46,48,3,1098,STL,88
142,8,2006,MIN,28,5602,6228,1608,1156,275,34,143,801,754,490,46,872,50,55,31,163,101,42,8,2006,26,583,1,0,40,1439.1,6066,1490,683,632,182,356,25,36,40,3,1164,MIN,79
144,26,2008,PHI,30,5509,6273,1407,866,291,36,214,799,762,586,68,1117,67,40,71,108,136,25,26,2008,30,630,4,3,47,1449.2,6229,1444,680,627,160,533,64,57,34,3,1081,PHI,93
145,23,2010,MIL,29,5606,6304,1471,963,293,33,182,750,710,546,35,1216,81,35,35,116,81,26,23,2010,29,657,3,3,35,1439.0,6324,1487,804,734,173,582,42,48,71,3,1258,MIL,96
146,3,2000,BOS,30,5630,6371,1503,988,316,32,167,792,755,611,40,1019,42,48,40,115,43,30,3,2000,29,587,7,4,46,1452.2,6225,1433,745,684,173,498,40,58,33,2,1121,BOS,82
147,6,2006,DET,28,5642,6198,1548,1011,294,40,203,822,785,430,27,1133,45,36,45,120,60,40,6,2006,28,552,3,1,46,1448.0,6145,1420,675,620,160,489,35,53,44,2,1003,DET,88
148,8,2002,MIN,28,5582,6196,1518,967,348,36,167,768,731,472,30,1089,56,52,34,121,79,62,8,2002,28,596,8,5,47,1444.2,6133,1454,712,662,184,439,24,45,62,3,1026,MIN,90
149,25,2006,NYM,30,5558,6291,1469,905,323,41,200,834,800,547,63,1071,62,47,77,114,146,35,25,2006,29,636,5,3,43,1461.1,6240,1402,731,675,180,527,39,62,37,5,1161,NYM,88
150,1,2004,ANA,29,5675,6296,1603,1132,272,37,162,836,783,450,43,942,73,41,56,123,143,46,1,2004,29,505,2,2,50,1454.1,6246,1476,734,692,170,502,27,44,61,7,1164,LAA,95
151,14,2010,TOR,28,5495,6072,1364,767,319,21,257,755,732,471,25,1164,55,34,16,114,58,20,14,2010,28,617,5,2,45,1440.2,6165,1407,728,677,150,539,35,60,69,3,1184,TOR,81
152,17,2016,CHC,29,5503,6335,1409,887,293,30,199,808,767,656,45,1339,96,37,42,108,66,34,17,2016,29,665,5,2,38,1459.2,5933,1125,556,511,163,495,24,63,80,0,1441,CHC,92
153,19,2006,COL,28,5562,6348,1504,968,325,54,157,813,761,561,64,1108,60,45,119,119,85,50,19,2006,28,661,5,4,34,1447.1,6318,1549,812,749,155,553,81,66,43,2,952,COL,90
154,27,2000,PIT,28,5643,6369,1506,987,320,31,168,793,749,564,41,1032,66,37,59,133,86,40,27,2000,27,628,5,2,27,1449.0,6514,1554,888,796,163,711,61,60,67,6,1070,PIT,62
155,21,2003,HOU,29,5583,6320,1466,937,308,30,191,805,763,557,44,1021,81,38,61,125,66,30,21,2003,28,664,1,0,50,1450.0,6176,1350,677,623,161,565,53,74,40,4,1139,HOU,91
156,5,2009,CLE,28,5568,6320,1468,965,314,28,161,773,730,582,20,1211,81,50,39,140,84,31,5,2009,28,607,5,2,25,1434.0,6354,1570,865,808,183,598,31,45,49,7,986,CLE,69
157,19,2010,COL,29,5530,6265,1452,955,270,54,173,770,741,585,53,1274,47,47,56,103,99,42,19,2010,28,675,6,2,35,1442.0,6143,1405,717,663,139,525,54,56,77,12,1234,COL,73
158,13,2010,TEX,28,5635,6302,1556,1101,268,25,162,787,740,511,37,986,45,54,53,129,123,48,13,2010,27,643,7,0,46,1455.1,6213,1355,687,636,162,551,24,63,56,4,1181,TEX,96
160,2,2008,BAL,28,5559,6211,1486,962,322,30,172,782,750,533,37,990,42,48,27,111,81,37,2,2008,28,653,4,1,35,1422.0,6414,1538,869,814,184,687,44,80,72,7,922,BAL,64
161,11,2007,SEA,28,5684,6209,1629,1170,284,22,153,794,754,389,32,861,62,40,33,154,81,30,11,2007,27,618,6,4,43,1434.1,6313,1578,813,760,147,546,39,62,59,10,1020,SEA,61
162,22,2018,LAD,29,5572,6358,1394,830,296,33,235,804,756,647,47,1436,61,39,39,119,75,24,22,2018,29,756,0,0,48,1476.0,6096,1279,610,557,179,422,39,61,39,10,1565,LAD,106
163,1,2007,LAA,28,5554,6198,1578,1108,324,23,123,822,776,507,55,883,40,65,32,146,139,55,1,2007,29,558,5,3,43,1435.0,6161,1480,731,674,151,477,22,51,69,5,1156,LAA,100
164,19,2017,COL,28,5534,6201,1510,987,293,38,192,824,793,519,46,1408,44,41,62,143,59,34,19,2017,27,711,1,1,47,1437.2,6177,1453,757,721,190,532,20,50,69,10,1270,COL,91
165,3,2001,BOS,30,5605,6264,1493,950,316,29,198,772,739,520,50,1131,70,41,28,132,46,35,3,2001,29,585,3,2,48,1448.0,6272,1412,745,672,146,544,50,93,54,7,1259,BOS,93
166,26,2003,PHI,29,5543,6333,1448,930,325,27,166,791,757,651,56,1155,55,38,46,120,72,29,26,2003,29,599,9,7,33,1443.2,6195,1386,697,651,142,536,51,77,53,4,1060,PHI,86
167,25,2008,NYM,30,5606,6388,1491,1007,274,38,172,799,751,619,71,1024,39,49,73,129,138,36,25,2008,30,719,5,2,43,1464.1,6338,1415,715,663,163,590,53,70,55,4,1181,NYM,70
169,8,2001,MIN,26,5560,6185,1514,984,328,38,164,771,717,495,42,1083,64,38,25,124,146,67,8,2001,26,564,12,5,45,1441.1,6187,1494,766,723,192,445,16,56,58,2,965,MIN,94
170,18,2006,CIN,30,5515,6296,1419,899,291,12,217,749,718,614,52,1192,59,38,66,122,124,33,18,2006,29,638,9,3,36,1445.2,6319,1576,801,728,213,464,55,60,40,9,1053,CIN,72
171,20,2009,FLA,27,5572,6312,1493,1013,296,25,159,772,727,568,46,1226,63,39,70,110,75,35,20,2009,27,692,5,1,45,1446.1,6299,1425,766,694,160,601,60,45,59,5,1248,FLA,80
172,7,2003,KCR,29,5568,6239,1526,1037,288,39,162,836,781,476,32,926,75,57,63,128,120,42,7,2003,28,570,7,3,36,1438.2,6366,1569,867,810,190,566,33,66,60,9,865,KCR,58
173,16,2008,ATL,28,5604,6368,1514,1035,316,33,130,753,721,618,56,1023,42,34,69,143,58,27,16,2008,29,707,2,1,26,1440.2,6244,1439,778,715,156,586,80,42,42,5,1076,ATL,86
174,15,2000,ARI,30,5527,6241,1466,961,282,44,179,792,756,535,37,975,59,58,61,114,97,44,15,2000,30,552,16,4,38,1443.2,6158,1441,754,700,190,500,53,42,30,10,1220,ARI,92
175,4,2010,CHW,29,5484,6118,1467,1006,263,21,177,752,710,467,23,922,79,38,50,148,160,74,4,2010,28,569,6,2,43,1446.1,6180,1471,704,658,136,490,41,34,59,9,1149,CHW,79
176,22,2009,LAD,29,5592,6385,1511,1049,278,39,145,780,739,607,76,1068,63,44,78,141,116,48,22,2009,28,688,1,1,44,1473.1,6182,1265,611,559,127,584,68,57,76,2,1272,LAD,80
177,9,2001,NYY,30,5577,6233,1488,976,289,20,203,804,774,519,38,1035,64,43,30,119,161,52,9,2001,29,523,7,3,57,1451.1,6174,1429,713,651,158,465,29,55,54,6,1266,NYY,103
178,16,2005,ATL,28,5486,6186,1453,924,308,37,184,769,733,534,56,1084,45,46,75,146,92,32,16,2005,27,646,8,3,38,1443.2,6186,1487,674,639,145,520,52,32,42,5,929,ATL,79
179,1,2012,LAA,28,5536,6121,1518,1036,273,22,187,767,732,449,29,1113,47,41,47,138,134,33,1,2012,29,606,6,5,38,1433.1,6034,1339,699,640,186,483,20,40,38,2,1157,LAA,78
180,13,2009,TEX,28,5526,6127,1436,889,296,27,224,784,748,472,23,1253,37,51,40,97,149,36,13,2009,27,598,8,3,45,1434.2,6172,1432,740,699,171,531,14,70,45,8,1016,TEX,90
181,6,2014,DET,27,5630,6202,1557,1051,325,26,155,757,731,443,51,1144,44,61,24,137,106,41,6,2014,26,635,5,4,41,1454.0,6191,1475,705,648,127,462,34,42,43,9,1244,DET,74
182,2,2006,BAL,29,5610,6240,1556,1084,288,20,164,768,727,474,35,878,73,41,40,145,121,32,2,2006,28,634,5,1,35,1419.0,6327,1579,899,844,216,613,26,48,59,4,1016,BAL,68
183,19,2002,COL,28,5512,6165,1508,1032,283,41,152,778,726,497,40,1043,56,50,49,133,103,53,19,2002,28,668,1,0,43,1426.2,6345,1554,898,826,225,582,49,64,42,6,920,COL,74
184,17,2017,CHC,28,5496,6283,1402,876,274,29,223,822,785,622,54,1401,82,32,48,134,62,31,17,2017,29,693,2,1,38,1447.1,6108,1294,695,636,194,554,29,66,73,4,1439,CHC,95
185,28,2005,STL,30,5538,6246,1494,1011,287,26,170,805,757,534,60,947,62,35,77,127,83,36,28,2005,29,598,15,7,48,1445.2,6047,1399,634,560,153,443,27,60,41,5,974,STL,83
186,26,2002,PHI,28,5524,6323,1428,897,325,41,165,710,676,640,70,1095,53,39,66,129,104,43,26,2002,28,611,5,3,47,1449.2,6222,1381,724,671,153,570,54,70,68,5,1075,PHI,86
187,19,2012,COL,28,5577,6183,1526,1002,306,52,166,758,716,450,34,1213,36,39,74,132,100,40,19,2012,28,737,0,0,36,1422.0,6384,1637,890,824,198,566,61,47,94,6,1144,COL,74
188,24,2017,WSN,29,5553,6214,1477,920,311,31,215,819,796,542,56,1327,31,45,43,116,108,30,24,2017,29,649,3,1,46,1446.2,6068,1300,672,624,189,495,39,60,44,5,1457,WSN,82
189,11,2003,SEA,30,5561,6281,1509,1047,290,33,139,795,759,586,34,989,53,46,35,130,108,37,11,2003,29,528,8,3,38,1441.0,6025,1340,637,602,173,466,24,54,35,4,1001,SEA,63
190,27,2003,PIT,28,5581,6315,1492,1009,275,45,163,753,711,529,42,1049,87,38,79,112,86,37,27,2003,28,619,7,3,44,1444.1,6293,1527,801,746,178,502,58,61,50,2,926,PIT,72
191,28,2006,STL,29,5522,6225,1484,981,292,27,184,781,745,531,70,922,61,40,71,129,59,32,28,2006,28,630,6,3,38,1429.2,6196,1475,762,721,193,504,35,80,35,3,970,STL,78
192,28,2002,STL,30,5505,6246,1475,989,285,26,175,787,758,542,77,927,67,49,83,123,86,42,28,2002,30,634,4,2,42,1446.1,6135,1355,648,595,141,547,39,60,40,2,1009,STL,85
193,5,2018,CLE,30,5595,6300,1447,915,297,19,216,818,786,554,32,1189,80,44,25,98,135,36,5,2018,30,670,5,2,41,1457.1,6071,1349,648,611,200,407,29,59,54,2,1544,CLE,93
194,19,2008,COL,28,5557,6312,1462,964,310,28,160,747,714,570,36,1209,57,38,90,119,141,37,19,2008,29,647,3,1,36,1446.0,6338,1547,822,766,148,562,49,53,61,7,1041,COL,92
195,20,2008,FLA,28,5499,6206,1397,859,302,28,208,770,741,543,50,1371,69,46,49,98,76,28,20,2008,26,672,2,1,36,1435.1,6271,1421,767,708,161,586,66,58,59,4,1127,FLA,86
196,8,2004,MIN,28,5623,6286,1494,969,310,24,191,780,735,513,42,982,64,40,46,130,116,46,8,2004,28,597,4,4,48,1476.0,6269,1523,715,663,167,431,27,54,45,1,1123,MIN,83
197,6,2016,DET,29,5526,6127,1476,983,252,30,211,750,719,493,32,1303,53,38,17,135,58,29,6,2016,28,637,3,1,47,1428.0,6048,1417,721,673,182,462,25,51,44,4,1232,DET,64
198,30,2003,SFG,29,5456,6204,1440,950,281,29,180,755,713,593,79,980,40,39,76,130,53,37,30,2003,28,622,7,4,43,1437.1,6090,1349,638,595,136,546,34,43,68,8,1006,SFG,91
200,6,2010,DET,27,5643,6312,1515,1023,308,32,152,751,717,546,50,1147,41,41,41,118,69,30,6,2010,27,578,6,1,32,1444.1,6198,1445,743,688,142,537,29,65,75,9,1056,DET,95
201,2,2005,BAL,29,5551,6134,1492,980,296,27,189,729,700,447,31,902,54,42,40,145,83,37,2,2005,29,636,2,0,38,1427.2,6242,1458,800,724,180,580,32,52,70,11,1052,BAL,70
203,22,2017,LAD,29,5408,6191,1347,794,312,20,221,770,730,649,41,1380,64,38,31,119,77,28,22,2017,29,698,2,0,51,1444.2,5925,1226,580,543,184,442,33,40,40,10,1549,LAD,92
204,23,2008,MIL,29,5535,6252,1398,841,324,35,198,750,722,550,44,1203,69,43,54,97,108,38,23,2008,29,607,12,6,45,1455.2,6209,1415,689,626,175,528,32,42,53,5,1110,MIL,80
205,21,2002,HOU,29,5503,6252,1441,951,291,32,167,749,719,589,57,1120,59,37,64,144,71,27,21,2002,27,642,2,2,43,1445.0,6205,1423,695,643,151,546,78,55,38,3,1219,HOU,87
206,10,2018,OAK,29,5579,6255,1407,838,322,20,227,813,778,550,18,1381,76,44,6,136,35,21,10,2018,29,740,2,2,44,1465.2,6099,1303,674,622,184,474,19,53,86,2,1237,OAK,97
207,23,2012,MIL,29,5557,6224,1442,901,300,39,202,776,741,466,35,1240,90,35,76,111,158,39,23,2012,28,674,0,0,44,1453.2,6245,1458,733,682,169,525,20,31,57,5,1402,MIL,74
208,15,2017,ARI,28,5525,6224,1405,832,314,39,220,812,776,578,44,1456,54,27,39,106,103,30,15,2017,28,675,2,1,43,1441.0,6072,1309,659,588,171,516,45,38,82,5,1482,ARI,82
209,28,2012,STL,28,5622,6326,1526,1040,290,37,159,765,732,533,45,1192,53,49,69,135,91,37,28,2012,27,668,4,2,42,1462.2,6158,1420,648,603,134,436,28,50,46,4,1218,STL,97
210,17,2005,CHC,28,5584,6161,1506,966,323,23,194,703,674,419,49,920,50,37,69,131,65,39,17,2005,27,619,8,2,39,1440.0,6185,1357,714,671,186,576,48,50,57,7,1256,CHC,66
211,20,2006,FLA,26,5502,6191,1454,921,309,42,182,758,713,497,55,1249,74,42,76,109,110,58,20,2006,25,600,6,2,41,1433.1,6294,1465,772,696,166,622,58,74,47,4,1088,FLA,71
213,13,2007,TEX,28,5555,6214,1460,947,298,36,179,816,768,503,27,1224,56,42,57,129,88,25,13,2007,27,629,0,0,42,1430.0,6389,1525,844,756,155,668,38,70,66,4,976,TEX,79
214,29,2004,SDP,29,5573,6313,1521,1046,304,32,139,768,722,566,45,910,56,66,52,128,52,25,29,2004,29,599,3,2,44,1441.0,6135,1460,705,645,184,422,39,48,27,2,1079,SDP,82
215,28,2016,STL,28,5548,6223,1416,859,300,32,225,779,745,526,28,1318,70,41,37,117,35,26,28,2016,27,643,2,2,38,1448.1,6164,1432,712,656,159,475,35,52,50,1,1290,STL,83
217,8,2017,MIN,28,5557,6261,1444,921,286,31,206,815,781,593,26,1342,46,39,26,105,95,28,8,2017,28,682,6,3,42,1436.0,6205,1487,788,734,224,483,37,69,52,8,1166,MIN,78
218,14,2002,TOR,27,5581,6230,1457,927,305,38,187,813,771,522,30,1142,53,57,17,130,71,18,14,2002,27,623,6,2,41,1438.1,6338,1504,828,768,177,590,56,71,57,4,991,TOR,86
219,17,2001,CHC,29,5406,6219,1409,915,268,32,194,777,748,577,72,1077,66,53,117,132,67,36,17,2001,28,614,8,2,41,1437.0,6159,1357,701,643,164,550,43,50,48,5,1344,CHC,67
220,17,2007,CHC,28,5643,6268,1530,1011,340,28,151,752,711,500,48,1054,40,37,48,127,86,33,17,2007,27,640,2,1,39,1446.2,6186,1340,690,650,165,573,46,59,42,3,1211,CHC,97
221,10,2006,OAK,28,5500,6281,1429,966,266,22,175,771,735,650,28,976,50,56,25,170,61,20,10,2006,27,606,5,2,54,1451.2,6279,1525,727,680,162,529,47,55,43,4,1003,OAK,76
222,10,2007,OAK,28,5577,6365,1430,948,295,16,171,741,711,664,29,1119,49,56,18,142,52,20,10,2007,27,608,4,1,36,1448.0,6247,1468,758,692,138,530,60,43,52,4,1036,OAK,75
223,6,2012,DET,28,5476,6119,1467,986,279,39,163,726,698,511,46,1103,57,39,36,156,59,23,6,2012,27,582,9,3,40,1430.2,6045,1409,670,599,151,438,35,42,46,6,1318,DET,93
224,8,2008,MIN,28,5641,6331,1572,1114,298,49,111,829,791,529,48,979,36,72,52,144,102,42,8,2008,28,648,5,2,42,1459.0,6221,1568,745,677,183,406,38,31,45,4,995,MIN,87
226,6,2009,DET,28,5540,6234,1443,980,245,35,183,743,718,540,30,1114,61,39,53,131,72,33,6,2009,27,602,4,1,42,1447.0,6240,1449,745,698,182,594,42,41,48,6,1102,DET,81
227,2,2009,BAL,28,5618,6233,1508,1022,307,19,160,741,708,517,25,1013,39,46,13,131,76,37,2,2009,28,646,2,0,31,1429.0,6359,1633,876,820,218,546,45,51,31,7,933,BAL,66
228,15,2005,ARI,29,5550,6327,1419,910,291,27,191,696,670,606,51,1094,55,45,71,132,67,26,15,2005,28,620,6,1,45,1456.1,6402,1580,856,788,193,537,43,62,58,5,1038,ARI,76
229,16,2010,ATL,29,5463,6252,1411,935,312,25,139,738,699,634,50,1140,51,35,69,136,63,29,16,2010,28,652,2,0,41,1439.1,6052,1326,629,571,126,505,64,49,42,3,1241,ATL,89
231,12,2005,TBD,28,5552,6120,1519,1033,289,40,157,750,717,412,25,990,69,51,34,133,151,49,12,2005,27,563,1,0,43,1421.2,6384,1570,936,853,194,615,41,64,53,5,949,TBD,61
232,20,2003,FLA,28,5490,6186,1459,966,292,44,157,751,709,515,44,978,57,41,82,114,150,74,20,2003,27,557,7,2,36,1445.1,6165,1415,692,649,128,530,40,40,51,11,1132,FLA,82
233,24,2000,MON,26,5535,6153,1475,952,310,35,178,738,705,476,53,1048,29,34,78,111,58,48,24,2000,26,614,4,2,39,1424.2,6340,1575,902,814,181,579,40,60,55,7,1011,MON,68
234,22,2004,LAD,30,5542,6244,1450,991,226,30,203,761,731,536,45,1092,62,35,69,121,102,41,22,2004,30,621,2,2,51,1453.1,6155,1386,684,647,178,521,47,54,43,2,1066,LAD,71
235,1,2006,LAA,28,5609,6221,1539,1042,309,29,159,766,737,486,49,914,42,53,31,126,148,57,1,2006,28,542,5,3,50,1452.2,6149,1410,732,652,158,471,27,50,85,3,1164,LAA,94
236,23,2005,MIL,28,5448,6156,1413,892,327,19,175,726,689,531,55,1162,73,38,66,137,79,34,23,2005,28,557,7,2,46,1438.0,6208,1382,697,636,169,569,52,45,66,8,1173,MIL,75
237,24,2009,WSN,28,5493,6273,1416,951,271,38,156,710,685,617,39,1208,56,42,64,133,73,40,24,2009,27,694,6,1,33,1424.1,6349,1533,874,794,173,629,59,48,74,5,911,WSN,68
238,24,2006,WSN,28,5495,6283,1437,929,322,22,164,746,695,594,66,1156,69,49,76,119,123,62,24,2006,28,679,1,1,32,1436.1,6424,1535,872,803,193,584,93,92,47,10,960,WSN,73
239,16,2009,ATL,28,5539,6335,1459,990,300,20,149,735,700,602,54,1064,52,47,95,142,58,26,16,2009,28,650,3,0,38,1462.2,6208,1399,641,581,119,530,59,49,40,6,1232,ATL,91
240,2,2007,BAL,29,5631,6264,1529,1051,306,30,142,756,718,500,31,939,47,47,38,139,144,42,2,2007,28,652,4,1,30,1438.2,6418,1491,868,829,161,696,37,72,55,8,1087,BAL,68
241,8,2000,MIN,26,5615,6283,1516,1026,325,49,116,748,711,556,31,1021,35,51,24,142,90,45,8,2000,26,574,6,2,35,1432.2,6336,1634,880,821,212,516,12,35,68,4,1042,MIN,85
242,10,2013,OAK,28,5521,6209,1403,891,301,25,186,767,725,573,29,1178,45,49,21,108,74,28,10,2013,28,609,6,4,46,1452.0,6069,1339,625,574,163,428,23,35,56,1,1183,OAK,88
243,23,2011,MIL,29,5447,6113,1422,930,276,31,185,721,693,481,53,1083,56,44,85,114,94,31,23,2011,29,596,1,1,47,1441.2,6048,1348,638,583,147,440,16,33,70,5,1257,MIL,83
244,17,2000,CHC,28,5577,6397,1426,948,272,23,183,764,722,632,50,1120,54,45,89,114,93,37,17,2000,27,583,10,1,39,1454.2,6451,1505,904,850,231,658,45,62,45,4,1143,CHC,88
245,22,2014,LAD,29,5560,6231,1476,1002,302,38,134,718,686,519,30,1246,61,43,47,119,138,50,22,2014,29,658,7,3,47,1464.2,6075,1338,617,554,142,429,35,41,64,4,1373,LAD,92
246,14,2016,TOR,29,5479,6233,1358,843,276,18,221,759,728,632,16,1362,55,40,26,153,54,24,14,2016,30,649,0,0,43,1459.1,6113,1340,666,615,183,461,10,59,50,7,1314,TOR,76
247,21,2018,HOU,28,5453,6146,1390,889,278,18,205,797,763,565,19,1197,61,45,14,156,71,26,21,2018,28,672,3,2,46,1455.0,5913,1164,534,503,152,435,4,66,67,4,1687,HOU,107
248,26,2010,PHI,31,5581,6291,1451,961,290,34,166,772,736,560,69,1064,63,43,44,121,108,21,26,2010,30,613,14,6,40,1456.1,6095,1402,640,596,168,416,42,57,26,5,1183,PHI,102
249,5,2016,CLE,29,5484,6155,1435,913,308,29,185,777,733,531,16,1246,49,60,31,137,134,31,5,2016,28,665,5,3,37,1445.0,6033,1330,676,619,186,461,34,34,49,7,1398,CLE,102
250,18,2004,CIN,28,5518,6278,1380,871,287,28,194,750,713,599,38,1335,81,25,55,125,77,25,18,2004,28,659,5,2,47,1443.2,6451,1595,907,836,236,572,55,54,74,3,992,CIN,73
251,12,2010,TBR,28,5439,6270,1343,851,295,37,160,802,769,672,30,1292,57,57,39,92,172,47,12,2010,27,653,6,3,51,1453.2,6103,1347,649,611,175,478,34,46,60,9,1189,TBR,91
252,15,2006,ARI,29,5645,6330,1506,977,331,38,160,773,743,504,47,965,67,53,61,136,76,30,15,2006,29,623,8,4,34,1459.2,6341,1503,788,728,168,536,44,61,53,4,1115,ARI,90
253,28,2007,STL,30,5529,6211,1513,1080,279,13,141,725,690,506,47,909,54,54,68,154,56,33,28,2007,30,678,2,0,34,1435.2,6283,1514,829,745,168,509,25,73,39,6,945,STL,86
254,20,2005,FLA,29,5502,6214,1499,1033,306,32,128,717,678,512,61,918,67,50,82,144,96,38,20,2005,29,611,14,8,42,1442.1,6236,1459,732,671,116,563,57,65,45,3,1125,FLA,78
255,24,2002,MON,28,5479,6250,1432,934,300,36,162,735,695,575,85,1104,46,42,108,123,118,64,24,2002,28,599,9,1,39,1453.0,6246,1475,718,642,165,508,80,46,51,5,1088,MON,83
256,4,2009,CHW,29,5463,6132,1410,960,246,20,184,724,695,534,25,1022,62,39,34,139,113,49,4,2009,28,577,4,1,36,1439.2,6155,1438,732,665,169,507,41,41,55,5,1119,CHW,88
257,14,2007,TOR,29,5536,6197,1434,901,344,24,165,753,719,533,32,1044,47,48,33,127,57,22,14,2007,27,582,11,2,44,1448.2,6108,1383,699,644,157,479,34,55,42,3,1067,TOR,86
258,22,2007,LAD,30,5614,6282,1544,1104,276,35,129,735,706,511,41,864,41,55,58,116,137,50,22,2007,30,645,4,0,43,1450.0,6196,1443,727,677,146,518,34,38,44,5,1184,LAD,84
259,28,2017,STL,28,5470,6219,1402,894,284,28,196,761,728,593,36,1348,65,44,47,139,81,31,28,2017,27,708,3,3,43,1450.1,6153,1393,705,647,183,493,50,67,38,0,1351,STL,88
260,2,2016,BAL,28,5524,6089,1413,889,265,6,253,744,710,468,19,1324,44,36,17,119,19,13,2,2016,28,605,1,0,54,1432.0,6122,1408,715,671,183,545,23,51,59,3,1248,BAL,75
261,23,2003,MIL,28,5548,6270,1423,937,266,24,196,714,685,547,41,1221,71,40,62,158,99,39,23,2003,28,622,5,1,44,1452.0,6459,1590,873,811,219,575,43,61,57,8,1034,MIL,67
262,24,2018,WSN,28,5517,6288,1402,902,284,25,191,771,737,631,56,1289,59,40,41,104,119,33,24,2018,29,724,2,1,40,1446.0,6087,1320,682,649,198,487,37,76,42,6,1417,WSN,93
263,11,2016,SEA,29,5583,6227,1446,955,251,17,223,768,735,506,29,1288,72,41,24,138,56,28,11,2016,28,638,2,2,49,1457.0,6147,1410,707,647,213,460,30,55,52,7,1318,SEA,78
264,19,2005,COL,27,5544,6240,1478,1014,280,34,150,741,704,509,36,1103,64,34,88,125,65,32,19,2005,27,621,4,1,37,1418.2,6385,1600,862,810,175,604,54,84,65,6,981,COL,76
265,28,2009,STL,29,5465,6168,1436,953,294,29,160,730,694,528,73,1041,61,43,68,128,75,31,28,2009,29,643,8,4,43,1440.2,6087,1407,640,586,123,460,23,53,43,5,1049,STL,86
268,14,2014,TOR,28,5549,6167,1435,952,282,24,177,723,690,502,27,1151,41,40,35,128,78,21,14,2014,28,611,3,2,45,1443.0,6150,1400,686,642,151,490,23,57,43,5,1199,TOR,93
269,15,2010,ARI,28,5473,6183,1366,851,301,34,180,713,691,589,45,1529,39,41,41,115,86,41,15,2010,28,616,3,1,35,1432.0,6260,1503,836,765,210,548,38,58,82,4,1070,ARI,94
270,18,2017,CIN,27,5484,6213,1390,884,249,38,219,753,715,565,41,1329,72,42,50,116,120,39,18,2017,26,666,2,1,33,1430.0,6286,1442,869,821,248,631,37,77,62,7,1300,CIN,67
271,1,2013,LAA,28,5588,6260,1476,1003,270,39,164,733,696,523,40,1221,48,64,37,150,82,34,1,2013,28,658,4,2,41,1457.2,6298,1475,737,687,167,533,36,45,74,4,1200,LAA,97
272,19,2018,COL,28,5541,6178,1418,886,280,42,210,780,748,507,38,1397,51,37,42,114,95,33,19,2018,28,681,0,0,51,1452.1,6154,1377,745,699,184,525,24,52,70,8,1409,COL,71
273,7,2011,KCR,26,5672,6267,1560,1065,325,41,129,730,705,442,37,1006,39,57,55,122,153,58,7,2011,26,582,2,0,37,1451.1,6280,1487,762,717,163,557,42,58,69,7,1080,KCR,72
274,21,2007,HOU,30,5605,6324,1457,967,293,30,167,723,700,547,40,1043,55,40,77,142,65,33,21,2007,29,638,2,1,38,1464.2,6417,1566,813,765,206,510,62,63,40,3,1109,HOU,86
275,29,2006,SDP,31,5576,6287,1465,968,298,38,161,731,698,564,37,1104,40,47,59,127,123,31,29,2006,31,637,4,2,50,1463.2,6175,1385,679,631,176,468,63,50,34,4,1097,SDP,89
276,21,2015,HOU,27,5459,6073,1363,829,278,26,230,729,691,486,22,1392,56,43,28,102,121,48,21,2015,29,644,5,3,39,1441.0,5965,1308,618,572,148,423,17,43,61,2,1280,HOU,82
277,20,2017,MIA,29,5602,6248,1497,1001,271,31,194,778,743,486,48,1282,67,41,50,119,91,30,20,2017,28,742,1,1,34,1442.2,6318,1450,822,772,193,627,59,75,57,3,1202,MIA,63
278,27,2014,PIT,28,5536,6224,1436,975,275,30,156,682,659,520,46,1244,78,35,54,127,104,47,27,2014,28,614,2,1,48,1456.1,6130,1341,631,565,128,499,43,88,71,3,1228,PIT,98
279,1,2008,LAA,27,5540,6155,1486,1028,274,25,159,765,721,481,52,987,52,50,32,140,129,48,1,2008,27,545,7,1,66,1451.1,6161,1455,697,645,160,457,32,63,50,2,1106,LAA,97
280,4,2005,CHW,29,5529,6146,1450,974,253,23,200,741,713,435,27,1002,79,49,53,122,137,67,4,2005,28,574,9,4,54,1475.2,6176,1392,645,592,167,459,42,52,65,9,1040,CHW,90
281,6,2005,DET,28,5602,6136,1521,1025,283,45,168,723,678,384,24,1038,53,52,44,138,66,28,6,2005,28,587,7,0,37,1435.2,6139,1504,787,721,193,461,33,51,53,5,907,DET,95
282,14,2001,TOR,28,5663,6284,1489,971,287,36,195,767,728,470,47,1094,74,43,34,111,156,55,14,2001,28,633,7,5,41,1462.2,6305,1553,753,696,165,490,60,76,33,8,1041,TOR,78
283,17,2009,CHC,29,5486,6244,1398,915,293,29,161,707,678,592,44,1185,59,42,65,134,56,34,17,2009,28,641,3,2,40,1445.1,6177,1329,672,617,160,586,46,59,60,6,1272,CHC,75
284,15,2008,ARI,28,5409,6156,1355,831,318,47,159,720,683,587,49,1287,49,43,68,105,58,23,15,2008,27,606,6,2,39,1434.2,6119,1403,706,636,147,451,41,68,59,3,1229,ARI,70
285,20,2000,FLA,27,5509,6203,1441,978,274,29,160,731,691,540,39,1184,60,51,42,100,168,55,20,2000,27,590,5,3,48,1429.2,6307,1477,797,729,169,650,56,43,49,10,1051,FLA,76
286,19,2013,COL,28,5599,6152,1511,1033,283,36,159,706,673,427,26,1204,26,35,65,111,112,32,19,2013,29,665,1,0,35,1436.0,6248,1545,760,708,136,517,52,40,62,15,1064,COL,66
287,5,2013,CLE,28,5465,6165,1391,907,290,23,171,745,711,562,19,1283,51,56,31,106,117,36,5,2013,28,702,3,3,38,1441.1,6154,1359,662,611,147,554,26,58,71,3,1379,CLE,85
288,24,2012,WSN,28,5615,6221,1468,948,301,25,194,731,688,479,43,1325,41,36,50,111,105,35,24,2012,28,644,3,1,51,1468.1,6133,1296,594,545,129,497,32,47,62,4,1325,WSN,86
289,13,2016,TEX,28,5525,6089,1446,951,257,23,215,765,746,436,23,1220,70,40,18,114,99,36,13,2016,28,641,1,0,56,1443.0,6186,1441,757,703,201,534,16,53,45,5,1154,TEX,78
291,12,2013,TBR,29,5538,6242,1421,937,296,23,165,700,670,589,31,1171,36,55,24,140,73,38,12,2013,29,648,9,3,42,1464.0,6083,1315,646,608,153,482,38,52,69,6,1310,TBR,77
292,19,2011,COL,28,5544,6275,1429,952,274,40,163,735,697,555,54,1201,57,44,75,112,118,42,19,2011,28,679,5,2,41,1447.2,6215,1471,774,714,176,522,47,48,65,7,1118,COL,64
293,6,2015,DET,28,5605,6159,1515,1026,289,49,151,689,660,455,36,1259,41,35,23,152,83,51,6,2015,28,666,7,4,35,1447.0,6188,1491,803,746,193,489,32,46,60,8,1100,DET,86
294,15,2009,ARI,28,5565,6269,1408,883,307,45,173,720,686,571,47,1298,37,41,54,94,102,40,15,2009,27,645,4,1,36,1447.2,6267,1470,782,714,168,525,27,53,79,2,1158,ARI,65
295,14,2005,TOR,28,5581,6233,1480,998,307,39,136,775,735,486,18,955,89,56,21,126,72,35,14,2005,28,594,9,3,35,1447.0,6166,1475,705,653,185,444,29,68,39,5,958,TOR,87
296,2,2013,BAL,28,5620,6144,1460,936,298,14,212,745,719,416,36,1125,36,45,27,105,79,29,2,2013,28,635,2,1,57,1453.0,6144,1438,709,678,202,473,32,50,38,3,1169,BAL,96
297,20,2002,FLA,28,5496,6263,1433,975,280,32,146,699,653,595,69,1130,61,49,59,129,177,73,20,2002,26,623,11,6,36,1456.1,6340,1449,763,706,151,631,46,58,55,7,1104,FLA,91
298,15,2012,ARI,29,5462,6150,1416,911,307,33,165,734,710,539,47,1266,41,45,61,108,93,51,15,2012,27,623,4,2,39,1433.2,6063,1432,688,628,155,417,18,51,52,10,1200,ARI,81
299,1,2003,ANA,28,5487,6119,1473,1014,276,33,150,736,687,476,42,838,56,50,50,125,129,61,1,2003,28,537,5,2,39,1431.1,6161,1444,743,681,190,486,38,76,53,3,980,ANA,92
300,10,2005,OAK,28,5627,6275,1476,991,310,20,155,772,739,537,22,819,52,40,19,148,31,22,10,2005,28,572,9,2,38,1450.1,6080,1315,658,596,154,504,42,60,41,3,1075,OAK,93
302,7,2006,KCR,28,5589,6229,1515,1019,335,37,124,757,718,474,32,1040,64,48,52,130,65,34,7,2006,27,635,3,2,35,1426.1,6434,1648,971,899,213,637,45,60,85,9,904,KCR,69
303,9,2015,NYY,28,5567,6268,1397,894,272,19,212,764,737,554,23,1227,63,54,24,105,63,25,9,2015,27,659,3,0,48,1457.2,6191,1416,698,653,182,474,16,56,78,4,1370,NYY,84
304,20,2001,FLA,28,5542,6184,1461,940,325,30,166,742,713,470,43,1145,67,45,60,118,89,40,20,2001,27,592,5,3,32,1438.0,6227,1397,744,691,151,617,53,70,40,3,1119,FLA,79
305,13,2013,TEX,28,5585,6196,1465,1004,262,23,176,730,691,462,26,1067,61,42,45,125,149,46,13,2013,28,638,4,2,46,1463.1,6146,1370,636,590,157,498,35,48,68,5,1309,TEX,67
306,15,2003,ARI,30,5570,6261,1467,965,303,47,152,717,696,531,63,1006,45,52,63,126,76,38,15,2003,28,614,7,5,42,1455.0,6230,1379,685,621,150,526,53,72,52,9,1291,ARI,51
307,7,2010,KCR,28,5604,6209,1534,1103,279,31,121,676,640,471,25,905,35,53,45,152,115,50,7,2010,28,603,7,1,44,1436.2,6333,1553,845,794,176,551,28,47,55,7,1035,KCR,71
308,2,2014,BAL,28,5596,6130,1434,943,264,16,211,705,681,401,29,1285,62,36,35,112,44,20,2,2014,28,641,3,2,53,1461.1,6104,1342,593,558,151,472,25,59,42,2,1174,BAL,81
309,10,2017,OAK,28,5464,6126,1344,790,305,15,234,739,708,565,15,1491,43,40,13,129,57,22,10,2017,28,687,1,1,35,1431.0,6167,1444,826,743,210,502,17,61,84,3,1202,OAK,97
310,11,2006,SEA,27,5670,6213,1540,1060,266,42,172,756,703,404,49,974,63,38,38,117,106,37,11,2006,26,591,6,2,47,1446.2,6294,1500,792,739,183,560,50,53,47,6,1067,SEA,88
311,16,2002,ATL,29,5495,6224,1428,959,280,25,164,708,669,558,68,1028,54,49,67,147,76,39,16,2002,29,630,3,2,57,1467.1,6131,1302,565,511,123,554,63,42,40,4,1058,ATL,101
312,23,2006,MIL,28,5433,6130,1400,899,301,20,180,730,695,502,48,1233,82,53,58,134,71,37,23,2006,28,589,7,5,43,1425.2,6210,1454,833,765,177,514,34,74,57,2,1145,MIL,83
313,10,2003,OAK,28,5497,6189,1398,881,317,24,176,768,742,556,52,898,59,53,22,118,48,14,10,2003,27,526,16,5,48,1441.2,6078,1336,643,582,140,499,42,54,41,10,1018,OAK,91
314,12,2018,TBR,27,5475,6195,1415,948,274,43,150,716,664,540,17,1388,101,50,28,122,128,51,12,2018,27,715,0,0,52,1448.1,5992,1236,646,603,164,501,34,53,55,6,1421,TBR,96
315,28,2013,STL,27,5557,6202,1494,1027,322,20,125,783,745,481,38,1110,64,44,56,155,45,22,28,2013,26,645,7,4,44,1459.2,6104,1366,596,556,112,451,26,64,33,1,1254,STL,90
316,23,2018,MIL,29,5542,6210,1398,904,252,24,218,754,711,537,32,1458,58,41,29,128,124,32,23,2018,29,722,0,0,49,1461.0,6114,1259,659,606,173,553,34,61,50,5,1428,MIL,89
317,21,2008,HOU,30,5451,6051,1432,959,284,22,167,712,684,449,42,1051,52,41,57,116,114,52,21,2008,30,649,4,3,48,1425.1,6125,1453,743,695,197,492,53,50,22,9,1095,HOU,74
318,18,2002,CIN,28,5470,6254,1386,899,297,21,169,709,678,583,66,1188,66,40,95,119,116,52,18,2002,28,624,2,1,42,1453.2,6296,1502,774,693,173,550,63,56,52,2,980,CIN,69
319,22,2001,LAD,31,5493,6169,1399,902,264,27,206,758,714,519,45,1062,56,44,57,115,89,42,22,2001,31,570,3,1,46,1450.2,6201,1387,744,685,184,524,37,72,44,11,1212,LAD,92
320,14,2008,TOR,29,5503,6191,1453,992,303,32,126,714,681,521,34,938,59,56,48,150,80,27,14,2008,29,583,15,5,44,1446.2,6067,1330,610,561,134,467,42,67,51,4,1184,TOR,75
321,22,2015,LAD,28,5385,6090,1346,870,263,26,187,667,638,563,31,1258,60,30,49,135,59,34,22,2015,28,677,6,3,47,1445.2,5932,1317,595,555,145,395,32,38,52,10,1396,LAD,91
322,27,2007,PIT,28,5569,6214,1463,962,322,31,148,724,694,463,31,1135,71,51,60,130,68,30,27,2007,28,657,4,2,32,1447.2,6374,1627,846,795,174,518,55,76,45,3,997,PIT,67
323,18,2011,CIN,28,5612,6329,1438,972,264,19,183,735,697,535,52,1250,63,40,78,98,97,50,18,2011,27,663,4,2,39,1467.2,6259,1414,720,678,185,539,47,59,51,13,1112,CIN,97
324,28,2010,STL,29,5542,6241,1456,1003,285,18,150,736,689,541,78,1027,50,40,66,124,79,41,28,2010,29,617,7,3,32,1453.2,6137,1412,641,577,133,477,32,48,42,4,1094,STL,90
325,25,2017,NYM,28,5510,6169,1379,841,286,28,224,735,713,529,31,1291,57,37,36,118,58,23,25,2017,27,730,2,0,34,1434.2,6378,1538,863,799,220,593,51,55,55,5,1374,NYM,77
326,24,2016,WSN,28,5490,6201,1403,903,268,29,203,763,735,536,49,1252,64,63,48,102,121,39,24,2016,28,670,1,0,46,1459.2,6036,1272,612,571,155,468,43,57,47,4,1476,WSN,97
327,15,2011,ARI,29,5421,6096,1357,855,293,37,172,731,702,531,55,1249,61,33,50,82,133,55,15,2011,27,625,5,1,58,1443.1,6102,1414,662,609,159,442,16,53,39,7,1058,ARI,81
328,21,2006,HOU,29,5521,6326,1407,931,275,27,174,735,708,585,54,1076,73,46,100,122,79,36,21,2006,28,659,5,2,42,1468.2,6219,1425,719,668,182,480,65,54,44,2,1160,HOU,73
329,4,2012,CHW,28,5518,6111,1409,941,228,29,211,748,726,461,24,1203,65,36,31,113,109,43,4,2012,27,628,6,2,37,1445.2,6098,1365,676,646,186,503,29,68,66,9,1246,CHW,63
330,15,2016,ARI,27,5665,6260,1479,948,285,56,190,752,709,463,43,1427,50,38,43,117,137,31,15,2016,26,737,2,2,31,1451.1,6437,1563,890,821,202,603,57,57,69,7,1318,ARI,93
331,22,2008,LAD,30,5506,6194,1455,1018,271,29,137,700,659,543,62,1032,43,38,64,153,126,43,22,2008,30,623,5,4,35,1447.1,6127,1381,648,592,123,480,58,48,47,4,1205,LAD,95
332,13,2017,TEX,28,5430,6122,1326,813,255,21,237,799,756,544,18,1493,81,39,27,110,113,44,13,2017,29,626,2,1,29,1434.1,6211,1443,816,749,214,559,22,74,63,7,1107,TEX,67
333,29,2001,SDP,28,5482,6278,1379,919,273,26,161,789,753,678,37,1273,41,48,29,121,129,44,29,2001,27,584,5,1,46,1440.2,6278,1519,812,724,219,476,54,56,46,5,1088,SDP,66
334,23,2017,MIL,28,5467,6135,1363,850,267,22,224,732,695,547,34,1571,53,26,42,116,128,41,23,2017,28,712,1,0,54,1445.2,6164,1381,697,642,185,553,45,64,50,2,1346,MIL,96
335,3,2015,BOS,28,5640,6237,1495,1007,294,33,161,748,706,478,28,1148,46,42,30,127,71,27,3,2015,29,637,3,1,40,1448.1,6224,1486,753,698,178,478,17,62,79,10,1218,BOS,93
336,12,2000,TBD,28,5505,6206,1414,977,253,22,162,733,692,558,25,1022,51,40,52,126,90,46,12,2000,29,562,10,3,38,1431.1,6283,1553,842,773,198,533,33,66,57,3,955,TBD,62
337,19,2015,COL,28,5572,6071,1479,970,274,49,186,737,702,388,47,1283,33,34,44,114,97,43,19,2015,28,746,4,1,36,1426.1,6308,1579,844,799,183,579,42,48,66,6,1112,COL,75
338,29,2000,SDP,28,5560,6291,1413,940,279,37,157,752,714,602,50,1177,46,43,39,123,131,53,29,2000,28,605,5,0,46,1459.1,6414,1443,815,733,191,649,50,68,65,7,1071,SDP,79
339,11,2017,SEA,28,5551,6166,1436,938,281,17,200,750,714,487,31,1267,78,35,14,131,89,35,11,2017,28,689,1,0,39,1440.1,6132,1399,772,713,237,490,28,53,73,7,1244,SEA,89
340,17,2003,CHC,30,5519,6187,1431,933,302,24,172,724,691,492,40,1158,50,46,80,135,73,31,17,2003,28,582,13,6,36,1456.1,6227,1304,683,619,143,617,36,71,63,3,1404,CHC,89
341,6,2017,DET,28,5556,6150,1435,924,289,35,187,735,699,503,21,1313,52,27,11,128,65,34,6,2017,27,672,2,1,32,1420.1,6298,1587,894,846,218,538,42,61,53,4,1202,DET,64
342,1,2014,LAA,29,5652,6284,1464,974,304,31,155,773,729,492,42,1266,60,54,26,112,81,39,1,2014,28,705,3,2,46,1482.2,6179,1307,630,590,126,504,41,63,74,4,1342,LAA,85
343,26,2001,PHI,28,5497,6219,1431,943,295,29,164,746,708,551,52,1125,43,61,67,104,153,47,26,2001,29,635,8,3,47,1445.1,6198,1417,719,668,170,527,60,70,40,6,1086,PHI,80
344,17,2018,CHC,29,5624,6369,1453,966,286,34,167,761,722,576,67,1388,78,46,40,107,66,38,17,2018,29,763,1,0,46,1476.1,6264,1319,645,598,157,622,33,66,46,3,1333,CHC,84
346,20,2004,FLA,29,5486,6160,1447,992,275,32,148,718,677,499,37,968,58,40,77,142,96,43,20,2004,29,566,6,3,53,1439.0,6110,1395,700,655,166,513,61,51,35,3,1116,FLA,83
347,13,2015,TEX,28,5511,6187,1419,936,279,32,172,751,707,503,32,1233,76,54,43,99,101,39,13,2015,27,660,5,3,45,1442.2,6215,1459,733,682,171,508,29,63,51,5,1095,TEX,95
348,18,2001,CIN,28,5583,6222,1464,962,304,22,176,735,690,468,47,1172,65,40,66,130,103,54,18,2001,27,623,2,1,35,1442.2,6324,1572,850,766,198,515,46,48,53,4,943,CIN,78
349,10,2009,OAK,27,5584,6247,1464,1001,307,21,135,759,723,527,16,1046,50,54,31,130,133,48,10,2009,26,650,2,2,38,1447.1,6243,1486,761,690,156,523,30,36,43,2,1124,OAK,81
350,25,2009,NYM,30,5453,6159,1472,1033,295,49,95,671,631,526,49,928,36,55,88,144,122,44,25,2009,29,673,3,2,39,1426.0,6284,1452,757,707,158,616,60,55,41,10,1031,NYM,79
351,26,2000,PHI,28,5511,6273,1386,898,304,40,144,708,668,611,40,1117,44,37,70,115,102,30,26,2000,28,575,8,3,34,1438.2,6314,1458,830,766,201,640,32,42,54,3,1123,PHI,86
352,23,2001,MIL,29,5488,6148,1378,866,273,30,209,740,712,488,44,1399,72,35,65,102,66,36,23,2001,28,651,3,2,28,1436.1,6338,1452,806,742,197,667,107,72,58,3,1057,MIL,56
353,5,2002,CLE,28,5423,6099,1349,876,255,26,192,739,706,542,35,1000,56,39,39,149,52,37,5,2002,28,583,9,2,34,1424.2,6271,1508,837,777,142,603,38,57,52,8,1058,CLE,68
354,14,2013,TOR,29,5537,6152,1398,916,273,24,185,712,669,510,19,1123,38,38,29,133,112,41,14,2013,30,649,4,2,39,1452.0,6250,1451,756,688,195,500,33,65,54,7,1208,TOR,82
355,14,2004,TOR,28,5531,6178,1438,969,290,34,145,719,680,513,25,1083,71,42,20,139,58,31,14,2004,28,592,6,4,37,1421.0,6281,1505,823,778,181,608,47,58,60,11,956,TOR,80
356,15,2007,ARI,28,5398,6101,1350,853,286,40,171,712,687,532,38,1111,57,58,55,121,109,24,15,2007,28,631,7,4,51,1441.0,6216,1446,732,662,169,546,38,61,48,9,1088,ARI,82
357,17,2006,CHC,28,5587,6147,1496,1013,271,46,166,716,677,395,24,928,43,37,84,135,121,49,17,2006,27,704,2,1,29,1439.0,6366,1396,834,758,210,687,44,67,68,4,1250,CHC,85
358,2,2011,BAL,28,5585,6156,1434,957,273,13,191,708,684,452,24,1120,52,43,24,154,81,25,2,2011,28,640,3,1,32,1446.2,6332,1568,860,791,210,535,42,45,32,4,1044,BAL,93
359,25,2005,NYM,30,5505,6146,1421,935,279,32,175,722,683,486,49,1075,48,38,69,104,153,40,25,2005,31,554,8,3,38,1435.2,6121,1390,648,602,135,491,43,56,32,4,1012,NYM,97
360,30,2010,SFG,29,5488,6143,1411,935,284,30,162,697,660,487,53,1099,50,41,76,159,55,32,30,2010,28,638,6,3,57,1461.0,6159,1279,583,546,134,578,58,51,74,4,1331,SFG,86
361,30,2006,SFG,30,5472,6136,1418,906,297,52,163,746,711,494,76,891,53,37,80,136,58,25,30,2006,29,599,7,3,37,1429.2,6225,1422,790,737,153,584,37,70,50,7,992,SFG,71
362,29,2007,SDP,29,5612,6326,1408,884,322,31,171,741,704,557,45,1229,49,44,64,113,55,24,29,2007,29,648,1,0,45,1484.2,6254,1406,666,614,119,474,48,48,42,6,1136,SDP,63
363,17,2002,CHC,29,5496,6242,1351,863,259,29,200,706,676,585,52,1269,44,39,78,117,63,21,17,2002,28,552,11,3,23,1441.1,6236,1373,759,689,167,606,53,58,44,2,1333,CHC,88
364,12,2011,TBR,28,5436,6152,1324,842,273,37,172,707,674,571,31,1193,73,35,37,101,155,62,12,2011,27,600,15,5,32,1449.0,6010,1263,614,577,161,504,38,46,45,3,1143,TBR,90
365,25,2011,NYM,29,5600,6335,1477,1021,309,39,108,718,676,571,56,1085,51,48,65,112,130,35,25,2011,30,676,6,2,43,1448.0,6316,1482,742,674,147,514,48,70,46,7,1126,NYM,74
368,23,2000,MIL,28,5563,6355,1366,867,297,25,177,740,708,620,47,1245,61,49,61,126,72,44,23,2000,27,596,2,1,29,1466.1,6497,1501,826,755,174,728,87,65,60,6,967,MIL,68
369,14,2011,TOR,28,5559,6210,1384,879,285,34,186,743,704,525,41,1184,48,47,31,108,131,52,14,2011,28,636,7,3,33,1458.2,6286,1433,761,701,179,540,28,77,73,3,1169,TOR,73
371,15,2015,ARI,27,5649,6276,1494,1003,289,48,154,720,680,490,40,1312,33,57,46,134,132,44,15,2015,26,712,1,1,44,1466.2,6257,1450,713,660,182,500,45,48,51,3,1215,ARI,69
372,16,2018,ATL,27,5582,6251,1433,915,314,29,175,759,717,511,53,1290,66,43,49,99,90,36,16,2018,26,715,2,1,40,1456.2,6155,1236,657,607,153,635,43,52,61,8,1423,ATL,97
373,18,2008,CIN,29,5465,6188,1351,871,269,24,187,704,677,560,50,1125,50,41,72,101,85,47,18,2008,28,669,2,1,34,1442.1,6352,1542,800,729,201,557,40,67,52,7,1227,CIN,78
374,14,2018,TOR,28,5477,6076,1336,783,320,16,217,709,680,499,15,1387,58,37,5,118,47,30,14,2018,29,752,0,0,39,1433.2,6265,1476,832,773,208,551,19,67,71,5,1298,TOR,67
375,1,2005,LAA,29,5624,6186,1520,1065,278,30,147,761,726,447,51,848,29,39,43,126,161,57,1,2005,28,541,7,3,54,1464.1,6158,1419,643,598,158,443,24,48,70,1,1126,LAA,89
376,27,2016,PIT,28,5542,6261,1426,964,277,32,153,729,696,561,39,1334,81,36,41,133,110,45,27,2016,28,687,5,1,51,1450.2,6292,1491,758,681,180,533,28,68,71,7,1232,PIT,75
377,20,2010,FLA,27,5531,6194,1403,920,294,37,152,719,686,514,42,1375,55,43,51,108,92,26,20,2010,27,643,5,2,39,1438.1,6217,1433,717,654,134,549,42,51,49,4,1168,FLA,71
378,2,2017,BAL,28,5650,6140,1469,956,269,12,232,743,713,392,12,1412,50,37,10,138,32,13,2,2017,27,654,1,1,35,1441.0,6293,1505,841,796,242,579,21,60,53,6,1233,BAL,47
379,30,2015,SFG,29,5565,6153,1486,1023,288,39,136,696,663,457,30,1159,49,37,45,142,93,36,30,2015,31,719,7,4,41,1444.1,6009,1344,627,599,155,431,28,50,40,4,1165,SFG,87
380,29,2005,SDP,30,5502,6271,1416,978,269,39,130,684,655,600,41,977,49,48,72,122,99,44,29,2005,30,618,4,3,45,1455.1,6253,1452,726,668,146,503,45,46,36,3,1133,SDP,88
381,16,2013,ATL,28,5441,6133,1354,905,247,21,181,688,656,542,36,1384,55,35,58,120,64,31,16,2013,28,628,1,0,53,1450.1,5989,1326,548,512,127,409,35,51,50,3,1232,ATL,79
382,7,2015,KCR,29,5575,6116,1497,1016,300,42,139,724,689,383,28,973,77,47,34,133,104,34,7,2015,30,655,2,1,56,1452.0,6112,1372,641,603,155,489,10,52,62,2,1160,KCR,80
383,21,2005,HOU,30,5462,6139,1400,926,281,32,161,693,654,481,43,1037,72,42,82,116,115,44,21,2005,30,597,6,2,45,1443.0,6023,1336,609,564,155,440,29,59,38,8,1164,HOU,82
384,17,2010,CHC,28,5512,6140,1414,940,298,27,149,685,658,479,32,1236,50,38,60,124,55,31,17,2010,27,644,1,0,40,1436.2,6298,1409,767,677,154,605,42,65,46,6,1268,CHC,71
385,1,2001,ANA,28,5551,6226,1447,988,275,26,158,691,662,494,34,1001,77,53,46,109,116,52,1,2001,28,546,6,0,43,1437.2,6195,1452,730,671,168,525,47,64,46,2,947,ANA,99
386,29,2003,SDP,28,5531,6246,1442,1025,257,32,128,678,641,565,34,1073,57,42,50,142,76,39,29,2003,29,635,2,0,31,1431.1,6303,1458,831,775,208,611,52,62,64,3,1091,SDP,87
387,2,2003,BAL,29,5665,6241,1516,1063,277,24,152,743,695,431,32,902,54,40,51,123,89,36,2,2003,29,588,9,1,41,1449.2,6366,1579,820,767,198,526,43,80,42,4,981,BAL,78
388,7,2009,KCR,29,5532,6103,1432,961,276,51,144,686,657,457,20,1091,42,32,38,136,88,29,7,2009,29,588,10,5,34,1426.0,6265,1486,842,765,166,600,28,51,89,6,1153,KCR,67
389,8,2007,MIN,28,5522,6161,1460,1033,273,36,118,718,671,512,41,839,48,45,34,149,112,30,8,2007,27,600,5,3,38,1436.2,6133,1505,725,667,185,420,33,51,46,5,1094,MIN,88
391,11,2004,SEA,29,5722,6362,1544,1112,276,20,136,698,658,492,49,1058,54,48,46,131,110,42,11,2004,29,576,7,2,28,1459.1,6389,1498,823,772,212,575,32,72,45,7,1036,SEA,69
392,16,2001,ATL,30,5498,6152,1432,971,263,24,174,729,696,493,51,1039,45,52,64,132,85,46,16,2001,29,573,5,5,41,1447.1,6089,1363,643,578,153,499,77,33,41,8,1133,ATL,101
393,22,2005,LAD,28,5433,6134,1374,920,284,21,149,685,653,541,30,1094,67,33,57,139,58,35,22,2005,28,620,6,4,40,1427.1,6113,1434,755,695,182,471,34,64,36,6,1004,LAD,88
394,22,2013,LAD,29,5491,6145,1447,1011,281,17,138,649,618,476,45,1146,57,48,71,130,78,28,22,2013,29,666,7,4,46,1450.1,6032,1321,582,524,127,460,44,43,66,3,1292,LAD,94
395,8,2016,MIN,27,5618,6245,1409,886,288,35,200,722,690,513,24,1426,44,43,27,96,91,32,8,2016,28,695,4,1,26,1443.0,6314,1617,889,816,221,479,26,41,83,7,1191,MIN,85
396,18,2018,CIN,27,5532,6240,1404,956,251,25,172,696,665,559,35,1376,65,35,49,128,77,33,18,2018,27,706,1,0,38,1441.0,6279,1491,819,745,228,532,60,50,48,8,1258,CIN,75
397,22,2002,LAD,30,5554,6146,1464,994,286,29,155,713,693,428,50,940,53,44,67,140,96,37,22,2002,32,585,4,2,56,1457.2,6139,1311,643,598,165,555,45,46,33,3,1132,LAD,85
398,27,2008,PIT,27,5628,6278,1454,966,314,21,153,735,705,474,40,1039,59,51,66,111,57,19,27,2008,27,659,3,2,34,1455.0,6528,1631,884,824,176,657,31,49,64,9,963,PIT,62
399,21,2016,HOU,27,5545,6204,1367,849,291,29,198,724,689,554,31,1452,47,31,27,134,102,44,21,2016,28,662,2,1,44,1468.0,6180,1441,701,663,181,453,19,39,98,2,1396,HOU,101
400,24,2014,WSN,28,5542,6216,1403,959,265,27,152,686,635,517,29,1304,56,41,60,115,101,23,24,2014,28,620,5,4,45,1470.2,6020,1351,555,495,110,352,26,51,37,2,1288,WSN,83
401,2,2012,BAL,28,5560,6160,1375,875,270,16,214,712,677,480,24,1315,50,30,38,152,58,29,2,2012,28,654,1,1,55,1483.0,6278,1433,705,642,184,481,36,53,34,6,1177,BAL,85
403,4,2007,CHW,28,5441,6103,1341,882,249,20,190,693,667,532,33,1149,52,35,41,138,78,45,4,2007,27,625,9,4,42,1440.2,6293,1556,839,764,174,499,50,59,45,0,1015,CHW,89
404,12,2006,TBD,27,5474,6041,1395,905,267,33,190,689,650,441,23,1106,47,43,35,101,134,52,12,2006,27,606,3,2,33,1420.1,6374,1600,856,784,180,606,39,63,70,8,979,TBD,66
405,7,2002,KCR,27,5535,6206,1415,948,285,42,140,737,695,524,27,921,52,51,44,106,140,65,7,2002,27,583,12,4,30,1441.0,6386,1587,891,834,212,572,48,52,68,6,909,KCR,83
406,8,2014,MIN,28,5567,6233,1412,941,316,27,128,715,675,544,29,1329,53,44,25,97,99,36,8,2014,28,653,2,0,38,1435.0,6212,1588,777,730,147,408,24,45,50,6,1031,MIN,83
407,24,2003,MON,27,5437,6116,1404,941,294,25,144,711,682,522,58,990,45,40,72,143,100,39,24,2003,27,599,15,2,42,1437.2,6171,1467,716,641,181,463,51,71,71,4,1028,MON,67
408,3,2017,BOS,28,5669,6338,1461,972,302,19,168,785,735,571,48,1224,53,36,9,141,106,31,3,2017,29,677,5,1,39,1482.1,6217,1384,668,615,195,465,18,49,43,3,1580,BOS,108
409,3,2012,BOS,29,5604,6166,1459,939,339,16,165,734,695,428,27,1197,45,55,34,105,97,31,3,2012,29,651,6,2,35,1443.0,6209,1449,806,757,190,529,33,66,42,11,1176,BOS,97
410,6,2001,DET,28,5537,6145,1439,949,291,60,139,724,691,466,26,972,51,49,41,120,133,61,6,2001,28,553,16,1,34,1429.1,6361,1624,876,795,180,553,56,73,40,4,859,DET,55
411,28,2018,STL,27,5498,6200,1369,907,248,9,205,759,725,525,40,1380,80,48,46,92,63,32,28,2018,27,727,1,1,43,1455.1,6271,1354,691,623,144,593,49,67,63,4,1337,STL,91
412,16,2017,ATL,28,5584,6216,1467,987,289,26,165,732,706,474,57,1184,66,32,59,137,77,31,16,2017,28,692,0,0,36,1441.1,6306,1463,821,756,192,584,39,70,58,5,1258,ATL,90
413,12,2017,TBR,28,5478,6147,1340,854,226,32,228,694,671,545,33,1538,55,48,16,115,88,34,12,2017,28,673,0,0,53,1445.0,6099,1324,704,640,193,503,37,48,83,4,1352,TBR,90
414,18,2013,CIN,28,5499,6293,1370,921,274,20,155,698,664,585,65,1245,76,46,85,129,67,35,18,2013,27,623,5,2,43,1473.2,6077,1294,589,554,170,435,28,66,44,5,1296,CIN,76
415,5,2015,CLE,28,5439,6109,1395,922,303,29,141,669,640,533,34,1157,39,50,47,134,86,28,5,2015,29,637,11,1,38,1432.2,5904,1274,640,586,161,425,27,48,48,5,1407,CLE,94
416,27,2005,PIT,27,5573,6221,1445,976,292,38,139,680,656,471,38,1092,72,49,56,130,73,30,27,2005,27,613,4,3,35,1436.0,6264,1456,769,708,162,612,65,65,53,4,958,PIT,67
417,23,2016,MIL,28,5330,6061,1299,837,249,19,194,671,641,599,34,1543,37,39,53,132,181,56,23,2016,28,675,0,0,46,1434.1,6188,1450,733,653,178,532,33,66,48,2,1175,MIL,86
418,26,2011,PHI,30,5579,6279,1409,960,258,38,153,713,693,539,52,1024,56,38,65,108,96,24,26,2011,29,556,18,7,47,1477.0,6069,1320,529,496,120,404,41,47,23,6,1299,PHI,81
419,7,2008,KCR,28,5608,6118,1507,1056,303,28,120,691,650,392,31,1005,50,36,32,144,79,38,7,2008,29,601,2,0,44,1445.2,6214,1473,781,723,159,515,15,41,68,5,1085,KCR,65
420,2,2015,BAL,28,5485,6007,1370,887,246,20,217,713,686,418,23,1331,51,32,20,127,44,25,2,2015,27,615,0,0,43,1434.2,6085,1406,693,646,174,483,27,54,46,0,1233,BAL,89
421,21,2009,HOU,31,5436,6040,1415,971,270,32,142,643,616,448,37,990,43,45,66,153,113,44,21,2009,30,659,5,1,39,1430.0,6237,1521,770,722,176,546,56,50,43,4,1144,HOU,76
422,24,2007,WSN,27,5520,6201,1415,952,309,31,123,673,646,524,38,1128,53,41,63,143,69,23,24,2007,27,750,0,0,46,1446.2,6333,1502,783,736,187,580,44,42,52,4,931,WSN,59
423,12,2004,TBD,28,5483,6098,1416,947,278,46,145,714,685,469,33,944,55,56,35,97,132,42,12,2004,27,562,3,0,35,1417.0,6261,1459,842,759,192,580,35,93,55,7,923,TBD,67
424,25,2016,NYM,28,5459,6115,1342,865,240,19,218,671,649,517,43,1302,62,41,35,124,42,18,25,2016,28,700,1,1,55,1447.0,6067,1398,617,576,152,439,39,35,50,7,1396,NYM,70
425,13,2018,TEX,28,5453,6163,1308,824,266,24,194,737,696,555,16,1484,88,34,33,104,74,35,13,2018,29,668,1,0,42,1431.0,6231,1516,848,783,222,491,23,72,57,8,1121,TEX,78
426,30,2016,SFG,29,5565,6271,1437,973,280,54,130,715,675,572,43,1107,42,46,42,120,79,36,30,2016,30,737,10,3,43,1460.1,6048,1333,631,599,158,439,30,46,40,6,1309,SFG,64
427,27,2006,PIT,28,5558,6218,1462,1018,286,17,141,691,656,459,49,1200,89,49,62,153,68,23,27,2006,28,667,2,1,39,1435.0,6354,1545,797,725,156,620,62,70,61,6,1060,PIT,68
428,24,2015,WSN,28,5428,6117,1363,908,265,13,177,703,665,539,38,1344,44,51,55,129,57,23,24,2015,28,630,4,3,41,1434.2,5975,1366,635,577,145,364,37,55,39,4,1342,WSN,95
429,12,2016,TBR,28,5481,6046,1333,797,288,32,216,672,647,449,20,1482,69,28,18,88,60,37,12,2016,27,647,1,1,42,1426.1,6076,1395,713,665,210,491,25,32,61,7,1357,TBR,80
430,22,2016,LAD,29,5518,6164,1375,893,272,21,189,725,680,525,31,1321,58,32,30,120,45,26,22,2016,28,768,3,3,47,1453.0,6014,1266,638,598,165,464,51,53,58,5,1510,LAD,104
431,27,2004,PIT,27,5483,6115,1428,980,267,39,142,680,648,415,33,1066,95,42,79,117,63,40,27,2004,27,625,3,2,46,1428.0,6197,1451,744,684,149,576,64,63,45,3,1079,PIT,67
433,25,2002,NYM,29,5496,6150,1409,989,238,22,160,690,650,486,46,1044,63,30,75,142,87,42,25,2002,28,612,9,6,36,1442.2,6212,1408,703,626,163,543,75,55,22,7,1107,NYM,66
434,30,2012,SFG,29,5558,6200,1495,1048,287,57,103,718,675,483,44,1097,29,61,69,115,118,39,30,2012,30,688,5,4,53,1451.0,6138,1361,649,593,142,489,42,51,54,4,1237,SFG,76
435,7,2004,KCR,28,5538,6153,1432,992,261,29,150,720,675,461,28,1057,76,38,40,130,67,48,7,2004,28,571,6,2,25,1420.1,6320,1638,905,815,208,518,49,56,60,10,887,KCR,55
436,5,2011,CLE,27,5509,6142,1380,910,290,26,154,704,671,494,30,1269,65,43,31,111,89,42,5,2011,26,645,2,0,38,1453.1,6235,1482,760,685,153,463,34,60,42,3,1024,CLE,68
437,12,2003,TBD,27,5654,6212,1501,1028,298,38,137,715,678,420,46,1030,56,50,32,108,142,42,12,2003,26,534,7,3,30,1436.2,6340,1454,852,787,196,639,37,95,65,9,877,TBD,70
438,25,2004,NYM,30,5532,6209,1376,882,289,20,185,684,658,512,54,1159,61,34,69,129,107,23,25,2004,31,636,2,2,31,1449.0,6333,1452,731,660,156,592,70,49,30,8,977,NYM,83
439,7,2001,KCR,28,5643,6176,1503,1037,277,37,152,729,691,406,31,898,44,47,36,134,100,42,7,2001,27,558,5,0,30,1440.0,6289,1537,858,779,209,576,26,61,73,2,911,KCR,62
442,1,2016,LAA,28,5431,6041,1410,955,279,20,156,717,686,471,21,991,51,49,36,147,73,34,1,2016,28,689,4,3,29,1421.1,6120,1480,727,676,208,498,27,56,47,10,1136,LAA,80
443,4,2016,CHW,28,5550,6131,1428,950,277,33,168,686,656,455,16,1285,53,44,29,122,77,36,4,2016,28,643,7,1,43,1446.2,6195,1422,715,662,185,521,30,68,72,2,1270,CHW,67
444,18,2012,CIN,28,5477,6115,1377,879,296,30,172,669,636,481,54,1266,47,37,73,100,87,27,18,2012,27,587,9,2,56,1453.0,6056,1356,588,540,152,427,33,51,34,7,1248,CIN,90
446,15,2013,ARI,28,5676,6334,1468,1005,302,31,130,685,647,519,51,1142,43,43,50,160,62,41,15,2013,27,689,6,2,38,1495.0,6338,1460,695,651,176,485,42,60,84,3,1218,ARI,64
447,17,2011,CHC,29,5549,6130,1423,954,285,36,148,654,610,425,35,1202,59,35,60,123,69,23,17,2011,29,657,4,1,40,1434.1,6262,1439,756,692,162,580,45,53,51,5,1224,CHC,61
448,1,2011,LAA,28,5513,6088,1394,916,289,34,155,667,629,442,33,1086,51,32,50,126,135,52,1,2011,28,548,12,6,39,1465.0,6124,1388,633,581,142,476,34,36,55,4,1058,LAA,89
449,17,2015,CHC,28,5491,6200,1341,868,272,30,171,689,657,567,47,1518,74,35,32,102,95,37,17,2015,30,714,6,4,48,1461.1,5997,1276,608,546,134,407,38,46,66,3,1431,CHC,103
450,1,2018,LAA,28,5472,6108,1323,837,249,23,214,721,690,514,38,1300,73,39,7,111,89,22,1,2018,28,763,1,1,35,1437.1,6108,1353,722,663,205,546,17,65,87,3,1386,LAA,72
451,8,2018,MIN,28,5526,6154,1379,874,317,22,166,738,704,534,25,1328,37,38,19,89,47,27,8,2018,28,728,2,1,37,1443.1,6287,1425,775,722,198,573,34,80,59,0,1377,MIN,101
452,7,2005,KCR,27,5503,6086,1445,996,289,34,126,701,653,424,23,1008,63,50,46,139,53,33,7,2005,26,605,4,0,25,1413.1,6370,1640,935,873,178,580,33,74,69,9,924,KCR,62
453,5,2003,CLE,27,5572,6188,1413,933,296,26,158,699,660,466,25,1062,62,41,46,128,86,61,5,2003,27,590,5,2,34,1459.1,6254,1477,778,682,179,501,37,64,49,7,943,CLE,80
454,12,2015,TBR,28,5485,6071,1383,906,278,32,167,644,612,436,22,1310,84,47,19,121,87,45,12,2015,27,692,1,1,60,1453.1,6069,1314,642,604,175,477,23,46,81,5,1355,TBR,68
455,5,2014,CLE,28,5575,6222,1411,962,284,23,142,669,644,504,24,1189,42,49,51,126,104,27,5,2014,27,735,6,4,40,1468.1,6193,1398,653,583,135,464,51,58,56,2,1450,CLE,80
456,4,2017,CHW,27,5513,6059,1412,933,256,37,186,706,670,401,17,1397,76,33,35,124,71,31,4,2017,28,682,0,0,25,1421.2,6200,1384,820,755,242,632,36,68,67,5,1193,CHW,62
457,24,2010,WSN,28,5418,6100,1355,925,250,31,149,655,634,503,36,1220,60,47,71,125,110,41,24,2010,28,656,2,1,37,1435.0,6214,1469,742,659,151,512,57,46,33,7,1068,WSN,80
459,10,2010,OAK,27,5448,6117,1396,981,276,30,109,663,619,527,16,1061,47,51,43,129,156,38,10,2010,27,585,7,3,38,1431.2,6011,1315,626,570,153,512,29,38,42,8,1070,OAK,74
460,18,2009,CIN,28,5462,6187,1349,886,280,25,158,673,637,531,37,1129,53,41,100,103,96,40,18,2009,29,640,6,4,41,1458.1,6253,1420,723,677,188,577,36,65,45,1,1069,CIN,91
461,8,2012,MIN,28,5562,6209,1448,1017,270,30,131,701,666,505,28,1069,53,56,33,149,135,37,8,2012,28,661,3,1,35,1438.2,6214,1536,832,762,198,465,43,57,60,2,943,MIN,66
462,11,2015,SEA,28,5544,6131,1379,897,262,22,198,656,624,478,31,1336,36,35,38,123,69,45,11,2015,28,671,6,5,45,1463.0,6223,1430,726,677,181,491,41,70,72,5,1283,SEA,86
463,27,2015,PIT,29,5631,6285,1462,1003,292,27,140,697,661,461,46,1322,89,41,63,115,98,45,27,2015,29,662,0,0,54,1489.2,6215,1392,596,534,110,453,38,75,67,4,1338,PIT,78
464,11,2018,SEA,29,5513,6087,1402,938,256,32,176,677,644,430,17,1221,70,41,29,128,79,37,11,2018,29,699,3,1,60,1448.2,6073,1396,711,664,195,400,21,72,57,3,1328,SEA,68
465,11,2009,SEA,29,5543,6113,1430,971,280,19,160,640,613,421,39,1093,49,44,56,124,89,33,11,2009,27,572,4,2,49,1452.2,6159,1359,692,625,172,534,13,43,61,5,1043,SEA,61
466,23,2014,MIL,28,5462,6065,1366,891,297,28,150,650,617,423,32,1197,73,37,70,137,102,43,23,2014,29,640,3,3,45,1457.2,6106,1386,657,594,167,431,20,42,44,2,1246,MIL,68
467,4,2014,CHW,27,5543,6077,1400,934,279,32,155,660,625,417,33,1362,60,38,19,127,85,36,4,2014,28,615,3,0,36,1441.0,6255,1468,758,688,140,557,42,69,75,3,1152,CHW,76
468,7,2007,KCR,28,5534,6140,1447,999,300,46,102,706,660,428,34,1069,89,47,41,151,78,44,7,2007,27,610,2,0,36,1437.1,6253,1547,778,719,168,520,54,41,56,4,993,KCR,75
469,27,2018,PIT,27,5447,6066,1381,896,290,38,157,692,665,474,38,1229,59,52,31,121,70,38,27,2018,26,641,3,2,40,1434.0,6144,1380,693,638,174,497,43,69,95,6,1336,PIT,69
470,30,2005,SFG,30,5462,6077,1427,974,299,26,128,649,617,431,26,901,49,44,91,147,71,35,30,2005,30,673,4,0,46,1444.1,6280,1456,745,698,151,592,42,42,38,3,972,SFG,76
471,7,2017,KCR,28,5536,6027,1436,959,260,24,193,702,660,390,19,1166,45,37,17,160,91,31,7,2017,29,700,1,1,39,1437.2,6218,1480,791,740,196,519,24,52,48,6,1216,KCR,58
472,18,2003,CIN,27,5509,6211,1349,907,239,21,182,694,669,524,34,1326,79,32,66,102,80,34,18,2003,27,637,4,1,38,1446.1,6423,1578,886,818,209,590,61,48,46,3,932,CIN,76
473,23,2002,MIL,28,5415,6083,1369,932,269,29,139,627,597,500,37,1125,55,34,79,144,94,50,23,2002,27,608,7,3,32,1432.1,6339,1468,821,757,199,666,82,62,64,8,1026,MIL,68
474,4,2011,CHW,29,5502,6159,1387,965,252,16,154,654,625,475,31,989,84,46,52,125,81,53,4,2011,28,572,6,4,42,1460.0,6188,1463,706,665,147,439,50,44,55,4,1220,CHW,84
476,8,2005,MIN,28,5564,6192,1441,1006,269,32,134,688,644,485,49,978,59,42,42,155,102,44,8,2005,27,558,9,4,44,1464.1,6072,1458,662,606,169,348,38,43,35,4,965,MIN,96
478,27,2013,PIT,29,5486,6135,1346,877,273,35,161,634,603,469,41,1330,88,29,62,120,94,42,27,2013,28,627,3,0,55,1470.2,6147,1299,577,535,101,515,26,70,81,6,1261,PIT,88
479,14,2017,TOR,29,5499,6154,1320,824,269,5,222,693,661,542,12,1327,51,35,25,153,53,24,14,2017,29,740,2,0,45,1465.0,6316,1460,784,720,203,549,25,48,53,4,1372,TOR,73
480,10,2014,OAK,29,5545,6245,1354,922,253,33,146,729,686,586,34,1104,49,43,19,118,83,20,10,2014,29,603,7,3,31,1463.1,5971,1269,572,524,147,406,28,48,59,1,1244,OAK,68
481,24,2013,WSN,27,5436,6047,1365,918,259,27,161,656,621,464,35,1192,40,39,68,115,88,28,24,2013,28,602,6,4,47,1445.2,6038,1367,626,576,142,405,17,48,43,8,1236,WSN,96
482,5,2010,CLE,27,5487,6165,1362,924,290,20,128,646,601,545,34,1184,64,33,36,118,91,33,5,2010,26,632,10,2,34,1433.0,6224,1477,752,684,147,572,36,66,54,3,967,CLE,80
483,29,2008,SDP,28,5568,6244,1390,945,264,27,154,637,615,518,35,1259,53,46,59,129,36,17,29,2008,28,653,3,0,30,1458.1,6286,1466,764,714,165,561,61,38,43,4,1100,SDP,75
484,26,2012,PHI,30,5544,6172,1414,957,271,28,158,684,659,454,41,1094,63,39,72,115,116,23,26,2012,28,602,5,4,42,1451.1,6072,1387,680,622,178,409,33,44,30,3,1385,PHI,73
486,12,2012,TBR,29,5398,6105,1293,838,250,30,175,697,665,571,26,1323,58,42,34,133,134,44,12,2012,28,634,7,4,50,1459.2,6000,1233,577,518,139,469,35,54,59,4,1383,TBR,92
487,20,2011,FLA,28,5508,6232,1358,905,274,30,149,625,596,542,38,1244,51,42,89,111,95,41,20,2011,27,670,7,4,40,1459.2,6200,1403,702,641,149,500,72,37,43,10,1218,MIA,69
488,18,2016,CIN,27,5487,6094,1403,929,277,33,164,716,678,452,37,1284,52,44,58,129,139,51,18,2016,27,646,2,1,28,1442.0,6348,1457,854,787,258,636,31,78,61,12,1241,CIN,68
489,23,2013,MIL,28,5474,6064,1381,943,238,43,157,640,610,407,22,1183,71,35,77,116,142,50,23,2013,28,663,4,2,40,1442.2,6100,1401,687,615,175,466,29,43,51,2,1125,MIL,82
490,14,2012,TOR,28,5487,6094,1346,879,247,22,198,716,677,473,29,1251,55,45,33,109,123,41,14,2012,28,657,5,4,29,1443.2,6216,1439,784,745,204,574,20,55,56,7,1142,TOR,74
491,7,2012,KCR,27,5636,6149,1492,1029,295,37,131,676,643,404,35,1032,42,41,26,130,132,38,7,2012,27,662,2,1,44,1451.1,6251,1504,746,693,163,542,44,60,49,8,1177,KCR,86
492,10,2012,OAK,28,5527,6183,1315,821,267,32,195,713,676,550,29,1387,45,34,27,97,122,32,10,2012,28,624,1,0,47,1470.0,6131,1360,614,571,147,462,34,46,40,5,1136,OAK,96
493,28,2015,STL,28,5484,6139,1386,922,288,39,137,647,619,506,47,1267,66,42,39,128,69,38,28,2015,28,677,1,0,62,1464.2,6134,1359,525,478,123,477,37,45,48,5,1329,STL,86
494,9,2016,NYY,28,5458,6058,1377,929,245,20,183,680,647,475,19,1188,42,49,21,121,72,22,9,2016,27,645,0,0,48,1428.1,6023,1358,702,661,214,444,15,57,52,2,1393,NYY,91
495,2,2002,BAL,28,5491,6096,1353,850,311,27,165,667,636,452,25,993,64,49,40,128,110,48,2,2002,27,569,8,1,31,1450.2,6258,1491,773,719,208,549,34,54,54,1,967,BAL,71
496,11,2008,SEA,28,5643,6176,1498,1069,285,20,124,671,631,417,44,890,38,42,36,137,90,32,11,2008,28,631,4,0,36,1435.1,6368,1544,811,754,161,626,37,53,60,5,1016,SEA,85
497,26,2017,PHI,27,5535,6133,1382,885,287,36,174,690,654,494,25,1417,47,36,21,128,59,25,26,2017,27,668,1,0,33,1441.0,6235,1471,782,731,221,527,39,63,50,11,1309,PHI,80
498,24,2008,WSN,27,5491,6192,1376,964,269,26,117,641,608,534,21,1095,67,36,64,153,81,43,24,2008,27,678,2,0,28,1434.0,6310,1496,825,743,190,588,44,51,59,8,1063,WSN,59
499,1,2010,LAA,28,5488,6089,1363,913,276,19,155,681,656,466,28,1070,52,37,42,125,104,52,1,2010,28,572,10,3,39,1449.1,6252,1422,702,651,148,565,33,46,80,6,1130,LAA,86
500,2,2010,BAL,28,5554,6109,1440,1022,264,21,133,613,577,424,32,1056,54,45,31,154,76,34,2,2010,28,616,3,0,35,1436.1,6262,1508,785,733,186,520,45,59,45,5,1007,BAL,69
501,27,2009,PIT,27,5417,6058,1364,916,289,34,125,636,612,499,44,1142,46,36,60,124,90,32,27,2009,26,617,5,2,28,1418.1,6144,1491,768,724,152,563,37,47,52,3,919,PIT,57
502,5,2012,CLE,28,5525,6195,1385,959,266,24,136,667,635,555,28,1087,59,39,17,142,110,44,5,2012,28,656,2,1,43,1442.0,6283,1503,845,767,174,543,27,55,67,6,1086,CLE,92
503,16,2012,ATL,29,5425,6126,1341,899,263,30,149,700,660,567,37,1289,34,46,53,109,101,32,16,2012,28,622,5,4,47,1445.1,5991,1310,600,549,145,464,40,41,54,3,1232,ATL,96
504,30,2007,SFG,30,5538,6213,1407,972,267,37,131,683,641,532,74,907,39,36,67,142,119,33,30,2007,28,658,5,0,37,1453.2,6299,1442,720,678,133,593,41,47,49,4,1057,SFG,71
506,29,2009,SDP,27,5425,6179,1315,878,265,31,141,638,605,586,52,1182,57,36,74,131,82,29,29,2009,26,689,2,1,45,1450.2,6273,1422,769,705,167,603,58,45,52,8,1187,SDP,89
507,20,2016,MIA,28,5547,6133,1460,1031,259,42,128,655,626,447,40,1213,54,38,46,140,71,28,20,2016,28,720,0,0,55,1435.0,6164,1358,682,646,152,595,62,61,66,3,1379,MIA,77
508,30,2008,SFG,28,5543,6145,1452,1010,311,37,94,640,606,452,45,1044,48,44,57,139,108,46,30,2008,27,640,4,2,41,1442.0,6341,1416,759,701,147,652,59,70,77,7,1240,SFG,88
509,24,2005,WSN,29,5426,6142,1367,907,311,32,117,639,615,491,55,1090,89,45,91,130,45,45,24,2005,29,632,4,1,51,1458.0,6286,1456,673,627,140,539,77,72,49,8,997,WSN,71
510,22,2010,LAD,30,5426,6140,1368,949,270,29,120,667,621,533,57,1184,46,50,85,123,92,50,22,2010,29,637,4,4,41,1441.2,6141,1323,692,643,134,539,75,58,58,8,1274,LAD,82
511,25,2015,NYM,28,5527,6145,1351,862,295,17,177,683,654,488,42,1290,68,32,29,130,51,25,25,2015,28,647,1,1,50,1462.2,6046,1341,613,561,152,383,43,44,46,2,1337,NYM,87
513,12,2001,TBD,28,5524,6104,1426,973,311,21,121,672,645,456,24,1116,54,25,45,130,115,52,12,2001,26,532,1,1,30,1423.2,6288,1513,887,784,207,569,21,75,75,7,1030,TBD,55
514,23,2004,MIL,27,5483,6195,1358,896,295,32,135,634,601,540,49,1312,68,40,56,120,138,40,23,2004,27,584,6,1,42,1442.0,6204,1440,757,683,164,476,27,51,59,5,1098,MIL,81
515,29,2002,SDP,28,5515,6178,1393,985,243,29,136,662,627,547,42,1062,30,41,45,132,71,44,29,2002,27,622,5,2,40,1436.1,6333,1522,815,743,177,582,61,66,51,4,1108,SDP,64
516,25,2001,NYM,30,5459,6156,1361,923,273,18,147,642,608,545,59,1062,65,35,52,124,66,48,25,2001,29,559,6,3,48,1445.2,6107,1418,713,655,186,438,60,43,53,7,1191,NYM,75
517,11,2005,SEA,29,5507,6095,1408,955,289,34,130,699,657,466,50,986,48,37,37,115,102,47,11,2005,30,595,6,2,39,1427.2,6172,1483,751,712,179,496,32,57,36,4,892,SEA,78
518,24,2001,MON,28,5379,6026,1361,882,320,28,131,670,622,478,59,1071,60,45,64,151,101,51,24,2001,29,653,5,3,28,1431.1,6250,1509,812,746,190,525,40,61,55,4,1103,MON,83
519,12,2002,TBD,27,5604,6198,1418,953,297,35,133,673,640,456,29,1115,58,36,44,116,102,45,12,2002,26,467,12,1,25,1440.1,6424,1567,918,847,215,620,24,94,62,10,925,TBD,63
520,30,2013,SFG,29,5552,6168,1446,1024,280,35,107,629,596,469,40,1078,39,42,66,131,67,26,30,2013,29,686,2,2,41,1447.1,6163,1380,691,643,145,521,64,50,60,4,1256,SFG,88
522,27,2002,PIT,28,5330,6049,1300,875,263,20,142,641,610,537,44,1109,73,41,68,97,86,49,27,2002,28,619,2,1,47,1412.2,6131,1447,730,665,163,572,93,55,34,5,920,PIT,75
523,30,2014,SFG,29,5523,6087,1407,976,257,42,132,665,636,427,37,1245,43,49,45,113,56,27,30,2014,30,637,8,3,46,1449.0,5947,1305,614,564,133,389,35,57,49,6,1211,SFG,84
525,10,2015,OAK,28,5600,6171,1405,936,277,46,146,694,661,475,21,1119,40,38,14,124,78,29,10,2015,28,649,5,3,28,1444.2,6128,1402,729,668,172,474,19,47,62,4,1179,OAK,69
527,28,2014,STL,27,5426,6086,1371,970,275,21,105,619,585,471,28,1133,86,39,64,140,57,32,28,2014,26,647,8,5,55,1448.2,6069,1321,603,564,123,470,35,61,44,5,1221,STL,100
528,21,2014,HOU,27,5447,6055,1317,895,240,19,163,629,596,495,27,1442,55,36,22,122,122,37,21,2014,28,600,7,2,31,1438.2,6154,1437,723,662,139,484,32,52,57,7,1137,HOU,86
531,26,2018,PHI,27,5424,6136,1270,813,241,30,186,677,653,582,33,1520,64,32,32,102,69,26,26,2018,26,758,0,0,44,1445.2,6138,1366,728,666,171,500,35,60,81,7,1465,PHI,81
532,7,2016,KCR,29,5552,6052,1450,1006,264,33,147,675,640,382,23,1224,45,34,38,134,121,35,7,2016,30,634,3,0,41,1440.0,6182,1433,712,674,206,517,8,60,55,7,1287,KCR,80
533,20,2014,MIA,28,5538,6185,1399,987,254,36,122,645,614,501,49,1419,35,39,71,143,58,21,20,2014,27,649,3,3,42,1457.2,6217,1481,674,614,114,458,35,49,56,4,1190,MIA,71
534,18,2015,CIN,28,5571,6196,1382,931,257,27,167,640,613,496,38,1255,42,40,47,112,134,38,18,2015,27,683,2,1,35,1453.1,6271,1436,754,702,177,544,42,58,54,11,1252,CIN,68
535,11,2013,SEA,28,5558,6172,1318,864,249,17,188,624,597,529,21,1353,31,28,26,122,49,23,11,2013,26,610,4,2,43,1465.0,6256,1467,754,703,174,478,48,42,74,1,1297,SEA,87
536,1,2017,LAA,29,5415,6073,1314,863,251,14,186,710,678,523,30,1198,70,46,17,141,136,44,1,2017,29,705,1,1,43,1440.2,6030,1373,709,672,224,470,25,44,57,6,1312,LAA,80
537,8,2013,MIN,28,5564,6212,1346,895,285,15,151,614,590,533,20,1430,52,32,29,104,52,33,8,2013,27,673,1,1,40,1450.1,6257,1591,788,734,168,458,31,44,50,4,985,MIN,70
538,25,2010,NYM,29,5465,6144,1361,927,266,40,128,656,625,502,53,1095,46,57,74,101,130,44,25,2010,29,653,8,4,36,1453.0,6245,1438,652,602,135,545,55,52,48,5,1106,NYM,77
540,22,2011,LAD,29,5436,6094,1395,1013,237,28,117,644,613,498,61,1087,45,43,71,101,126,40,22,2011,27,622,7,2,40,1432.0,5997,1287,612,567,132,507,48,43,50,7,1265,LAD,86
541,29,2012,SDP,28,5422,6112,1339,903,272,43,121,651,610,539,36,1238,54,34,63,100,155,46,29,2012,28,691,4,3,43,1434.2,6151,1356,710,640,162,539,48,48,49,8,1205,SDP,76
543,25,2012,NYM,29,5450,6091,1357,911,286,21,139,650,625,503,43,1250,42,30,64,118,79,38,25,2012,29,667,7,5,36,1434.0,6086,1368,709,652,161,488,29,40,40,3,1240,NYM,74
544,2,2001,BAL,28,5472,6151,1359,937,262,24,136,687,663,514,26,989,77,49,38,121,133,53,2,2001,27,554,10,2,31,1432.1,6273,1504,829,748,194,528,28,74,37,5,938,BAL,67
545,24,2004,MON,27,5474,6138,1361,907,276,27,151,635,605,496,51,925,35,33,100,115,109,38,24,2004,26,624,11,4,31,1447.0,6307,1477,769,696,191,582,78,79,43,2,1032,WSN,80
546,10,2008,OAK,27,5451,6138,1318,900,270,23,125,646,610,574,23,1226,48,35,30,126,88,21,10,2008,26,602,4,1,33,1435.0,6112,1364,690,640,135,576,45,54,30,4,1061,OAK,75
547,15,2018,ARI,29,5460,6157,1283,798,259,50,176,693,658,560,36,1460,52,45,38,110,79,25,15,2018,29,735,2,1,39,1463.0,6139,1313,644,606,174,522,43,57,69,5,1448,ARI,85
548,27,2001,PIT,28,5398,6027,1333,891,256,25,161,657,618,467,51,1106,67,35,60,114,93,73,27,2001,29,572,8,2,36,1416.1,6222,1493,858,794,167,549,74,80,49,4,908,PIT,72
550,7,2014,KCR,28,5545,6058,1456,1046,286,29,95,651,604,380,22,985,53,47,33,131,153,36,7,2014,28,613,3,2,53,1450.2,6101,1386,624,565,128,440,14,56,58,6,1168,KCR,95
551,16,2011,ATL,28,5528,6169,1345,912,244,16,173,641,606,504,45,1260,28,30,75,113,77,44,16,2011,27,672,3,2,52,1479.2,6220,1332,605,573,125,521,73,53,61,5,1332,ATL,94
552,9,2014,NYY,30,5497,6082,1349,929,247,26,147,633,591,452,16,1133,56,47,29,111,112,26,9,2014,28,637,5,2,48,1453.0,6114,1392,664,605,164,398,23,65,49,6,1370,NYY,87
553,13,2014,TEX,28,5460,6026,1400,1001,260,28,111,637,597,417,37,1162,61,45,41,148,105,59,13,2014,27,638,6,4,33,1426.1,6195,1510,773,712,160,505,43,61,61,7,1110,TEX,88
554,8,2015,MIN,28,5467,6017,1349,872,277,44,156,696,661,439,31,1264,40,41,30,133,70,38,8,2015,29,682,2,0,45,1443.0,6139,1506,700,653,163,413,34,41,54,2,1046,MIN,59
555,30,2009,SFG,28,5493,6057,1411,971,275,43,122,657,612,392,41,1158,50,55,67,115,78,28,30,2009,28,619,11,3,41,1446.0,6103,1268,611,571,140,584,49,41,71,3,1302,SFG,92
556,15,2004,ARI,29,5544,6114,1401,933,295,38,135,615,582,441,38,1022,35,37,56,137,53,32,15,2004,29,633,5,2,33,1436.0,6418,1480,899,795,197,668,79,75,71,8,1153,ARI,77
557,1,2015,LAA,28,5417,5990,1331,891,243,21,176,661,621,435,34,1150,58,40,37,116,52,34,1,2015,28,680,2,2,46,1440.2,6096,1355,675,631,166,466,45,71,61,4,1221,LAA,74
558,7,2013,KCR,28,5549,6093,1443,1043,254,34,112,648,620,422,38,1048,42,42,37,131,153,32,7,2013,28,589,5,2,52,1448.1,6049,1366,601,555,155,469,21,41,60,4,1208,KCR,89
559,12,2014,TBR,28,5516,6205,1361,957,263,24,117,612,586,527,31,1124,66,53,43,135,63,27,12,2014,29,656,3,1,37,1463.2,6131,1292,625,579,145,482,27,58,65,3,1437,TBR,80
560,25,2018,NYM,28,5468,6177,1282,813,265,34,170,676,649,566,36,1404,73,42,28,116,71,39,25,2018,27,663,3,1,41,1460.2,6178,1364,707,661,185,484,32,71,26,2,1446,NYM,86
562,3,2014,BOS,29,5551,6226,1355,930,282,20,123,634,601,535,36,1337,68,52,20,138,63,25,3,2014,28,655,3,2,36,1465.2,6231,1458,715,653,154,482,19,47,51,5,1213,BOS,78
563,24,2011,WSN,28,5441,6090,1319,886,257,22,154,624,594,470,40,1323,65,32,82,103,106,38,24,2011,27,664,3,2,49,1449.1,6141,1403,643,577,129,477,43,52,49,6,1049,WSN,98
564,17,2013,CHC,29,5498,6079,1307,820,297,18,172,602,576,439,28,1230,67,30,43,120,63,32,17,2013,29,651,3,1,39,1448.0,6149,1332,689,643,160,540,43,62,59,4,1184,CHC,72
565,27,2017,PIT,28,5458,6136,1331,895,249,36,151,668,635,519,39,1213,88,28,42,120,67,36,27,2017,28,664,2,1,36,1440.2,6208,1464,731,677,182,511,32,58,58,2,1262,PIT,82
566,16,2016,ATL,28,5514,6192,1404,960,295,27,122,649,615,502,60,1240,59,52,64,145,75,34,16,2016,27,748,1,1,39,1447.2,6250,1414,779,725,177,547,55,70,83,4,1227,ATL,72
567,29,2010,SDP,28,5434,6148,1338,946,236,24,132,665,630,538,67,1183,50,46,79,106,124,50,29,2010,27,661,2,2,49,1456.1,6058,1305,581,551,139,517,51,28,29,5,1295,SDP,71
568,4,2018,CHW,27,5523,6071,1332,851,259,40,182,656,639,425,18,1594,66,32,24,99,98,41,4,2018,28,715,0,0,34,1437.0,6339,1404,848,774,196,653,25,89,94,9,1259,CHW,72
569,23,2015,MIL,27,5480,6024,1378,925,274,34,145,655,624,412,35,1299,41,34,55,130,84,29,23,2015,27,658,1,0,40,1435.0,6148,1432,737,682,176,517,36,55,71,5,1260,MIL,73
570,27,2012,PIT,28,5412,6014,1313,865,241,37,170,651,620,444,32,1354,51,45,62,98,73,52,27,2012,29,645,2,1,45,1433.1,6097,1357,674,623,153,490,30,45,45,3,1192,PIT,94
573,26,2013,PHI,29,5456,6014,1355,928,255,32,140,610,578,417,41,1205,53,31,57,132,73,29,26,2013,29,628,6,2,32,1436.1,6213,1465,749,692,152,506,33,62,48,6,1199,PHI,73
574,7,2018,KCR,27,5505,6063,1350,883,283,29,155,638,606,427,13,1310,67,40,24,123,117,38,7,2018,27,645,2,0,33,1432.0,6284,1542,833,787,205,549,28,51,68,4,1157,KCR,59
575,17,2014,CHC,27,5508,6102,1315,857,270,31,157,614,590,442,29,1477,54,41,57,94,65,40,17,2014,28,699,1,1,37,1463.1,6208,1398,707,638,115,504,37,55,64,3,1311,CHC,97
576,29,2013,SDP,28,5517,6122,1349,931,246,26,146,618,578,467,36,1309,52,34,52,100,118,34,29,2013,27,650,3,1,40,1455.0,6179,1407,700,643,156,525,31,40,51,2,1171,SDP,77
577,10,2016,OAK,28,5500,6022,1352,892,270,21,169,653,634,442,19,1145,33,34,13,142,50,23,10,2016,27,654,2,1,42,1433.1,6144,1459,761,719,185,464,28,50,70,3,1188,OAK,75
579,25,2003,NYM,29,5341,6007,1317,907,262,24,124,642,607,489,42,1035,54,45,78,136,70,31,25,2003,29,573,3,3,38,1413.1,6204,1497,754,706,168,576,71,45,45,7,907,NYM,71
580,22,2012,LAD,29,5438,6091,1369,961,269,23,116,637,607,481,49,1156,52,38,82,139,104,44,22,2012,29,668,2,2,40,1449.2,6068,1277,597,540,122,539,62,45,46,2,1276,LAD,92
581,20,2015,MIA,28,5463,5988,1420,1024,236,40,120,613,575,375,30,1150,39,40,71,133,112,45,20,2015,27,648,0,0,35,1427.0,6050,1374,678,640,141,508,25,52,53,3,1152,MIA,79
582,10,2011,OAK,28,5452,6104,1330,907,280,29,114,645,612,509,20,1094,50,57,34,119,117,43,10,2011,27,622,6,1,39,1447.2,6159,1380,679,597,136,519,24,41,53,3,1160,OAK,94
583,21,2011,HOU,28,5598,6150,1442,1010,309,28,95,615,579,401,34,1164,46,37,66,111,118,33,21,2011,27,665,2,0,25,1435.0,6268,1477,796,719,188,560,59,53,39,9,1191,HOU,55
584,9,2013,NYY,30,5449,6044,1321,906,247,24,144,650,614,466,33,1214,57,36,36,121,115,31,9,2013,29,590,7,3,49,1447.1,6128,1452,671,634,171,437,34,51,57,1,1233,NYY,84
585,20,2012,MIA,28,5437,6057,1327,890,261,39,137,609,576,484,46,1228,35,40,60,114,149,41,20,2012,28,645,5,3,38,1440.2,6186,1448,724,657,133,495,61,55,36,4,1113,MIA,62
586,27,2010,PIT,28,5386,5974,1303,874,276,27,126,587,570,463,28,1207,33,33,58,119,87,36,27,2010,28,679,1,1,31,1411.2,6300,1567,866,785,167,538,40,66,56,10,1026,PIT,72
587,4,2015,CHW,28,5533,6070,1381,958,260,27,136,622,595,404,22,1231,65,37,30,125,68,42,4,2015,28,576,7,4,37,1452.2,6181,1443,701,643,162,474,34,62,61,2,1359,CHW,78
588,15,2014,ARI,28,5552,6089,1379,955,259,47,118,615,573,398,31,1165,43,36,56,115,86,33,15,2014,28,650,2,1,35,1444.1,6162,1467,742,683,154,469,43,51,50,5,1278,ARI,79
589,4,2013,CHW,28,5563,6077,1385,981,237,19,148,598,574,411,23,1207,34,48,19,124,105,42,4,2013,27,632,5,1,40,1455.0,6214,1424,723,646,182,509,24,60,62,4,1249,CHW,73
590,11,2014,SEA,28,5450,5977,1328,913,247,32,136,634,600,396,33,1232,60,34,35,113,96,42,11,2014,27,659,2,1,51,1452.0,5974,1240,554,512,137,463,36,52,80,8,1317,SEA,76
591,25,2014,NYM,28,5472,6145,1306,887,275,19,125,629,602,516,42,1264,54,44,59,112,101,34,25,2014,29,651,1,1,42,1463.2,6170,1370,618,568,141,509,38,50,56,1,1303,NYM,90
592,27,2011,PIT,28,5421,6064,1325,906,277,35,107,610,580,489,31,1308,34,44,75,123,108,52,27,2011,28,711,5,3,43,1449.1,6317,1513,712,652,152,535,65,62,60,6,1031,PIT,79
593,2,2018,BAL,27,5507,6034,1317,872,242,15,188,622,593,422,19,1412,57,35,13,132,81,22,2,2018,26,652,2,0,28,1431.0,6340,1552,892,825,234,589,29,67,81,8,1203,BAL,54
594,26,2015,PHI,28,5529,6053,1374,935,272,37,130,626,586,387,20,1274,54,29,53,119,88,32,26,2015,28,665,1,1,35,1436.1,6332,1592,809,749,191,488,37,61,60,7,1153,PHI,71
595,29,2015,SDP,28,5457,6019,1324,880,260,36,148,650,623,426,22,1327,40,42,52,108,82,29,29,2015,28,678,1,0,41,1440.1,6093,1371,731,655,171,516,35,54,54,3,1393,SDP,68
597,21,2013,HOU,27,5457,6020,1307,877,266,16,148,610,566,426,17,1535,52,38,46,110,110,61,21,2013,27,610,2,1,32,1440.0,6370,1530,848,767,191,616,32,56,61,6,1084,HOU,70
598,29,2017,SDP,27,5356,5954,1251,804,227,31,189,604,576,460,20,1499,53,33,52,99,89,33,29,2017,27,679,2,1,45,1430.2,6169,1417,816,747,226,554,28,75,73,11,1325,SDP,66
599,29,2016,SDP,27,5419,6000,1275,815,257,26,177,686,654,449,30,1500,58,36,36,93,125,45,29,2016,28,672,1,0,35,1440.0,6228,1425,770,711,183,569,44,53,67,3,1222,SDP,71
600,6,2002,DET,27,5406,5920,1340,914,265,37,124,575,546,363,22,1035,64,57,30,125,65,44,6,2002,27,533,11,4,33,1414.0,6215,1593,864,776,163,463,34,62,59,8,794,DET,43
601,17,2012,CHC,28,5411,5967,1297,859,265,36,137,613,570,447,29,1235,43,24,42,125,94,45,17,2012,28,655,1,0,28,1413.2,6140,1399,759,708,175,573,36,65,44,5,1128,CHC,66
602,25,2013,NYM,28,5559,6207,1318,893,263,32,130,619,593,512,40,1384,51,32,53,106,114,35,25,2013,29,697,4,2,40,1476.2,6249,1442,684,621,152,458,38,54,47,3,1209,NYM,79
603,30,2017,SFG,29,5551,6137,1382,936,290,28,128,639,612,467,37,1204,36,52,31,136,76,34,30,2017,28,664,3,2,32,1452.0,6287,1515,776,726,182,496,42,50,55,3,1234,SFG,73
604,16,2014,ATL,27,5468,6064,1316,931,240,22,123,573,545,472,31,1369,43,27,53,121,95,33,16,2014,27,634,5,2,54,1455.0,6087,1369,597,547,121,472,36,37,75,1,1301,ATL,67
605,26,2016,PHI,27,5434,5992,1306,879,231,35,161,610,575,424,33,1376,58,30,46,111,96,45,26,2016,27,667,4,3,43,1437.0,6163,1468,796,741,213,466,30,51,57,9,1299,PHI,66
606,16,2015,ATL,28,5420,6034,1361,992,251,18,100,573,548,471,39,1107,44,31,67,148,69,33,16,2015,28,694,3,2,44,1425.1,6156,1462,760,699,170,550,45,53,53,9,1148,ATL,68
607,21,2012,HOU,27,5407,6014,1276,864,238,28,146,583,545,463,19,1365,58,30,54,114,105,46,21,2012,28,703,3,2,31,1423.1,6238,1493,794,722,173,540,40,48,75,6,1170,HOU,51
608,8,2011,MIN,27,5487,6020,1357,970,259,25,103,619,572,440,24,1048,37,25,31,115,92,39,8,2011,28,619,7,3,32,1421.2,6210,1564,804,726,161,480,37,54,47,5,940,MIN,66
609,6,2003,DET,27,5466,6071,1312,919,201,39,153,591,553,443,24,1099,47,49,65,114,98,63,6,2003,26,613,3,0,27,1438.2,6376,1616,928,850,195,557,35,56,52,5,764,DET,72
610,6,2018,DET,28,5494,6029,1326,872,284,35,135,630,597,428,18,1341,52,40,15,110,70,30,6,2018,28,704,0,0,37,1425.1,6130,1423,796,728,216,491,20,60,54,4,1215,DET,47
611,30,2011,SFG,29,5486,6091,1327,900,282,24,121,570,534,448,47,1122,52,43,62,118,85,51,30,2011,29,642,3,2,52,1468.0,6130,1260,578,523,96,559,46,50,42,4,1316,SFG,94
612,21,2010,HOU,29,5452,6005,1348,963,252,25,108,611,577,415,27,1025,33,29,75,130,100,36,21,2010,29,669,4,2,45,1439.1,6221,1446,729,654,140,548,39,40,57,9,1210,HOU,56
613,26,2014,PHI,29,5603,6198,1356,953,251,27,125,619,584,443,42,1306,55,37,59,95,109,26,26,2014,29,623,2,0,40,1468.1,6261,1396,687,621,134,521,43,69,49,1,1255,PHI,63
615,18,2014,CIN,28,5395,5978,1282,877,254,20,131,595,562,415,22,1252,52,37,76,88,122,52,18,2014,27,590,5,3,44,1446.0,6067,1282,612,576,163,507,33,69,45,5,1290,CIN,64
616,22,2003,LAD,30,5458,6036,1328,919,260,25,124,574,544,407,43,985,72,28,71,121,80,36,22,2003,30,600,3,3,58,1457.2,6001,1254,556,511,127,526,35,40,50,5,1289,LAD,93
617,29,2018,SDP,27,5486,6059,1289,847,250,30,162,617,583,471,28,1523,31,36,35,122,95,36,29,2018,27,697,0,0,36,1457.0,6254,1430,767,714,185,519,28,68,52,4,1399,SDP,70
618,11,2012,SEA,27,5494,6057,1285,868,241,27,149,619,584,466,21,1259,30,35,32,95,104,35,11,2012,27,613,8,6,43,1456.2,6062,1359,651,609,166,449,39,49,61,5,1166,SEA,71
619,29,2011,SDP,27,5417,6074,1284,904,247,42,91,593,563,501,42,1320,48,47,55,105,170,44,29,2011,27,651,0,0,44,1449.1,6065,1324,611,552,125,521,56,37,45,6,1139,SDP,76
620,30,2018,SFG,29,5541,6113,1324,906,255,30,133,603,573,448,40,1467,49,42,33,113,77,34,30,2018,29,711,1,1,36,1461.1,6191,1387,699,642,156,524,37,45,44,4,1269,SFG,77
622,20,2018,MIA,27,5488,6083,1303,929,222,24,128,589,554,455,26,1384,73,31,32,119,45,31,20,2018,27,707,1,0,30,1442.0,6236,1388,809,763,192,605,73,71,47,6,1249,MIA,57
624,11,2010,SEA,28,5409,5989,1274,930,227,16,101,513,485,459,33,1184,39,40,42,111,142,39,11,2010,27,520,11,2,38,1438.0,6091,1402,698,631,157,452,33,40,73,11,973,SEA,67
625,11,2011,SEA,28,5421,5972,1263,879,253,22,109,556,534,435,33,1280,37,41,38,82,125,40,11,2011,27,513,12,3,39,1433.0,6014,1369,675,623,145,436,27,51,68,6,1088,SEA,75
626,29,2014,SDP,28,5294,5905,1199,836,224,30,109,535,500,468,27,1294,41,45,56,118,91,34,29,2014,28,643,4,3,41,1438.2,6006,1300,577,523,117,462,32,46,57,4,1284,SDP,74
629,20,2013,MIA,28,5449,6021,1257,912,219,31,95,513,485,432,31,1232,56,26,57,131,78,29,20,2013,26,633,2,1,36,1460.0,6166,1376,646,602,121,526,58,47,53,2,1177,MIA,77
